ID,Event,Date,Time,DayOfWeek,IsWeekend,Month,Status,CreatedAt
716,New,2025-12-26,21:00:00,4,0,12,confirmed,2025-12-18T21:00:00
726,AI Workshop,2025-12-26,21:00:00,4,0,12,confirmed,2025-12-16T21:00:00
987,AI Workshop,2025-12-26,21:00:00,4,0,12,confirmed,2025-12-23T21:00:00
483,AI Workshop,2025-12-26,18:00:00,4,0,12,confirmed,2025-12-21T18:00:00
495,AI Workshop,2025-12-26,18:00:00,4,0,12,confirmed,2025-12-15T18:00:00
715,New,2025-12-26,18:00:00,4,0,12,cancelled,2025-12-13T18:00:00
966,New,2025-12-26,18:00:00,4,0,12,confirmed,2025-12-25T18:00:00
979,AI Workshop,2025-12-26,18:00:00,4,0,12,confirmed,2025-12-25T18:00:00
240,AI Workshop,2025-12-26,16:00:00,4,0,12,confirmed,2025-12-12T16:00:00
473,AI Workshop,2025-12-26,16:00:00,4,0,12,confirmed,2025-12-19T16:00:00
494,AI Workshop,2025-12-26,16:00:00,4,0,12,confirmed,2025-12-23T16:00:00
714,New,2025-12-26,16:00:00,4,0,12,confirmed,2025-12-16T16:00:00
725,AI Workshop,2025-12-26,16:00:00,4,0,12,confirmed,2025-12-15T16:00:00
736,AI Workshop,2025-12-26,16:00:00,4,0,12,confirmed,2025-12-24T16:00:00
746,AI Workshop,2025-12-26,16:00:00,4,0,12,confirmed,2025-12-23T16:00:00
965,New,2025-12-26,16:00:00,4,0,12,confirmed,2025-12-13T16:00:00
978,AI Workshop,2025-12-26,16:00:00,4,0,12,confirmed,2025-12-18T16:00:00
464,New,2025-12-26,12:00:00,4,0,12,confirmed,2025-12-21T12:00:00
472,AI Workshop,2025-12-26,12:00:00,4,0,12,confirmed,2025-12-16T12:00:00
482,AI Workshop,2025-12-26,12:00:00,4,0,12,confirmed,2025-12-13T12:00:00
493,AI Workshop,2025-12-26,12:00:00,4,0,12,cancelled,2025-12-12T12:00:00
713,New,2025-12-26,12:00:00,4,0,12,confirmed,2025-12-19T12:00:00
724,AI Workshop,2025-12-26,12:00:00,4,0,12,confirmed,2025-12-13T12:00:00
735,AI Workshop,2025-12-26,12:00:00,4,0,12,confirmed,2025-12-12T12:00:00
745,AI Workshop,2025-12-26,12:00:00,4,0,12,confirmed,2025-12-21T12:00:00
977,AI Workshop,2025-12-26,12:00:00,4,0,12,confirmed,2025-12-19T12:00:00
986,AI Workshop,2025-12-26,12:00:00,4,0,12,confirmed,2025-12-17T12:00:00
995,AI Workshop,2025-12-26,12:00:00,4,0,12,confirmed,2025-12-19T12:00:00
492,AI Workshop,2025-12-26,06:00:00,4,0,12,confirmed,2025-12-16T06:00:00
744,AI Workshop,2025-12-26,06:00:00,4,0,12,confirmed,2025-12-21T06:00:00
976,AI Workshop,2025-12-26,06:00:00,4,0,12,confirmed,2025-12-24T06:00:00
471,AI Workshop,2025-12-25,19:00:00,3,0,12,cancelled,2025-12-24T19:00:00
481,AI Workshop,2025-12-25,19:00:00,3,0,12,confirmed,2025-12-23T19:00:00
491,AI Workshop,2025-12-25,19:00:00,3,0,12,confirmed,2025-12-23T19:00:00
734,AI Workshop,2025-12-25,19:00:00,3,0,12,confirmed,2025-12-14T19:00:00
964,New,2025-12-25,19:00:00,3,0,12,confirmed,2025-12-20T19:00:00
975,AI Workshop,2025-12-25,19:00:00,3,0,12,confirmed,2025-12-15T19:00:00
245,AI Workshop,2025-12-25,15:00:00,3,0,12,confirmed,2025-12-12T15:00:00
463,New,2025-12-25,15:00:00,3,0,12,confirmed,2025-12-21T15:00:00
470,AI Workshop,2025-12-25,15:00:00,3,0,12,confirmed,2025-12-20T15:00:00
480,AI Workshop,2025-12-25,15:00:00,3,0,12,confirmed,2025-12-14T15:00:00
490,AI Workshop,2025-12-25,15:00:00,3,0,12,cancelled,2025-12-14T15:00:00
712,New,2025-12-25,15:00:00,3,0,12,confirmed,2025-12-22T15:00:00
723,AI Workshop,2025-12-25,15:00:00,3,0,12,confirmed,2025-12-22T15:00:00
733,AI Workshop,2025-12-25,15:00:00,3,0,12,confirmed,2025-12-14T15:00:00
743,AI Workshop,2025-12-25,15:00:00,3,0,12,confirmed,2025-12-17T15:00:00
963,New,2025-12-25,15:00:00,3,0,12,confirmed,2025-12-19T15:00:00
974,AI Workshop,2025-12-25,15:00:00,3,0,12,confirmed,2025-12-12T15:00:00
985,AI Workshop,2025-12-25,15:00:00,3,0,12,confirmed,2025-12-12T15:00:00
994,AI Workshop,2025-12-25,15:00:00,3,0,12,confirmed,2025-12-24T15:00:00
235,New,2025-12-25,11:00:00,3,0,12,cancelled,2025-12-23T11:00:00
238,AI Workshop,2025-12-25,11:00:00,3,0,12,confirmed,2025-12-12T11:00:00
239,AI Workshop,2025-12-25,11:00:00,3,0,12,confirmed,2025-12-15T11:00:00
244,AI Workshop,2025-12-25,11:00:00,3,0,12,confirmed,2025-12-20T11:00:00
462,New,2025-12-25,11:00:00,3,0,12,confirmed,2025-12-21T11:00:00
469,AI Workshop,2025-12-25,11:00:00,3,0,12,confirmed,2025-12-24T11:00:00
479,AI Workshop,2025-12-25,11:00:00,3,0,12,confirmed,2025-12-18T11:00:00
489,AI Workshop,2025-12-25,11:00:00,3,0,12,confirmed,2025-12-14T11:00:00
711,New,2025-12-25,11:00:00,3,0,12,confirmed,2025-12-24T11:00:00
722,AI Workshop,2025-12-25,11:00:00,3,0,12,confirmed,2025-12-14T11:00:00
732,AI Workshop,2025-12-25,11:00:00,3,0,12,confirmed,2025-12-19T11:00:00
742,AI Workshop,2025-12-25,11:00:00,3,0,12,confirmed,2025-12-12T11:00:00
973,AI Workshop,2025-12-25,11:00:00,3,0,12,confirmed,2025-12-23T11:00:00
984,AI Workshop,2025-12-25,11:00:00,3,0,12,confirmed,2025-12-21T11:00:00
993,AI Workshop,2025-12-25,11:00:00,3,0,12,confirmed,2025-12-21T11:00:00
461,New,2025-12-25,08:00:00,3,0,12,cancelled,2025-12-17T08:00:00
478,AI Workshop,2025-12-25,08:00:00,3,0,12,cancelled,2025-12-22T08:00:00
721,AI Workshop,2025-12-25,08:00:00,3,0,12,confirmed,2025-12-12T08:00:00
731,AI Workshop,2025-12-25,08:00:00,3,0,12,confirmed,2025-12-14T08:00:00
741,AI Workshop,2025-12-25,08:00:00,3,0,12,cancelled,2025-12-12T08:00:00
962,New,2025-12-25,08:00:00,3,0,12,confirmed,2025-12-14T08:00:00
972,AI Workshop,2025-12-25,08:00:00,3,0,12,confirmed,2025-12-12T08:00:00
983,AI Workshop,2025-12-25,08:00:00,3,0,12,confirmed,2025-12-13T08:00:00
234,New,2025-12-24,20:00:00,2,0,12,confirmed,2025-12-17T20:00:00
460,New,2025-12-24,20:00:00,2,0,12,confirmed,2025-12-16T20:00:00
488,AI Workshop,2025-12-24,20:00:00,2,0,12,confirmed,2025-12-19T20:00:00
971,AI Workshop,2025-12-24,20:00:00,2,0,12,confirmed,2025-12-10T20:00:00
992,AI Workshop,2025-12-24,20:00:00,2,0,12,cancelled,2025-12-17T20:00:00
233,New,2025-12-24,17:00:00,2,0,12,confirmed,2025-12-23T17:00:00
237,AI Workshop,2025-12-24,17:00:00,2,0,12,confirmed,2025-12-21T17:00:00
243,AI Workshop,2025-12-24,17:00:00,2,0,12,confirmed,2025-12-11T17:00:00
468,AI Workshop,2025-12-24,17:00:00,2,0,12,confirmed,2025-12-10T17:00:00
477,AI Workshop,2025-12-24,17:00:00,2,0,12,confirmed,2025-12-10T17:00:00
487,AI Workshop,2025-12-24,17:00:00,2,0,12,confirmed,2025-12-14T17:00:00
720,AI Workshop,2025-12-24,17:00:00,2,0,12,confirmed,2025-12-22T17:00:00
730,AI Workshop,2025-12-24,17:00:00,2,0,12,confirmed,2025-12-10T17:00:00
740,AI Workshop,2025-12-24,17:00:00,2,0,12,cancelled,2025-12-22T17:00:00
961,New,2025-12-24,17:00:00,2,0,12,confirmed,2025-12-22T17:00:00
970,AI Workshop,2025-12-24,17:00:00,2,0,12,cancelled,2025-12-23T17:00:00
982,AI Workshop,2025-12-24,17:00:00,2,0,12,confirmed,2025-12-13T17:00:00
991,AI Workshop,2025-12-24,17:00:00,2,0,12,confirmed,2025-12-23T17:00:00
242,AI Workshop,2025-12-24,14:00:00,2,0,12,confirmed,2025-12-11T14:00:00
467,AI Workshop,2025-12-24,14:00:00,2,0,12,confirmed,2025-12-17T14:00:00
476,AI Workshop,2025-12-24,14:00:00,2,0,12,cancelled,2025-12-11T14:00:00
486,AI Workshop,2025-12-24,14:00:00,2,0,12,confirmed,2025-12-23T14:00:00
719,AI Workshop,2025-12-24,14:00:00,2,0,12,confirmed,2025-12-13T14:00:00
729,AI Workshop,2025-12-24,14:00:00,2,0,12,confirmed,2025-12-20T14:00:00
739,AI Workshop,2025-12-24,14:00:00,2,0,12,confirmed,2025-12-10T14:00:00
960,New,2025-12-24,14:00:00,2,0,12,confirmed,2025-12-14T14:00:00
969,AI Workshop,2025-12-24,14:00:00,2,0,12,confirmed,2025-12-23T14:00:00
981,AI Workshop,2025-12-24,14:00:00,2,0,12,confirmed,2025-12-16T14:00:00
990,AI Workshop,2025-12-24,14:00:00,2,0,12,confirmed,2025-12-23T14:00:00
236,AI Workshop,2025-12-24,10:00:00,2,0,12,confirmed,2025-12-15T10:00:00
241,AI Workshop,2025-12-24,10:00:00,2,0,12,confirmed,2025-12-22T10:00:00
459,New,2025-12-24,10:00:00,2,0,12,confirmed,2025-12-18T10:00:00
466,AI Workshop,2025-12-24,10:00:00,2,0,12,confirmed,2025-12-22T10:00:00
475,AI Workshop,2025-12-24,10:00:00,2,0,12,confirmed,2025-12-18T10:00:00
485,AI Workshop,2025-12-24,10:00:00,2,0,12,confirmed,2025-12-20T10:00:00
710,New,2025-12-24,10:00:00,2,0,12,confirmed,2025-12-18T10:00:00
718,AI Workshop,2025-12-24,10:00:00,2,0,12,confirmed,2025-12-13T10:00:00
728,AI Workshop,2025-12-24,10:00:00,2,0,12,confirmed,2025-12-18T10:00:00
738,AI Workshop,2025-12-24,10:00:00,2,0,12,confirmed,2025-12-10T10:00:00
959,New,2025-12-24,10:00:00,2,0,12,confirmed,2025-12-20T10:00:00
968,AI Workshop,2025-12-24,10:00:00,2,0,12,cancelled,2025-12-16T10:00:00
989,AI Workshop,2025-12-24,10:00:00,2,0,12,cancelled,2025-12-10T10:00:00
465,AI Workshop,2025-12-24,09:00:00,2,0,12,confirmed,2025-12-14T09:00:00
474,AI Workshop,2025-12-24,09:00:00,2,0,12,confirmed,2025-12-12T09:00:00
484,AI Workshop,2025-12-24,09:00:00,2,0,12,cancelled,2025-12-11T09:00:00
709,New,2025-12-24,09:00:00,2,0,12,confirmed,2025-12-11T09:00:00
717,AI Workshop,2025-12-24,09:00:00,2,0,12,confirmed,2025-12-15T09:00:00
727,AI Workshop,2025-12-24,09:00:00,2,0,12,confirmed,2025-12-15T09:00:00
737,AI Workshop,2025-12-24,09:00:00,2,0,12,confirmed,2025-12-21T09:00:00
958,New,2025-12-24,09:00:00,2,0,12,confirmed,2025-12-17T09:00:00
967,AI Workshop,2025-12-24,09:00:00,2,0,12,confirmed,2025-12-18T09:00:00
980,AI Workshop,2025-12-24,09:00:00,2,0,12,confirmed,2025-12-17T09:00:00
988,AI Workshop,2025-12-24,09:00:00,2,0,12,confirmed,2025-12-15T09:00:00
458,New,2025-12-24,07:00:00,2,0,12,confirmed,2025-12-12T07:00:00
106,New,2025-12-23,16:14:00,1,0,12,confirmed,2025-12-20T16:14:00
704,New,2025-12-23,16:14:00,1,0,12,confirmed,2025-12-12T16:14:00
953,New,2025-12-23,16:14:00,1,0,12,confirmed,2025-12-14T16:14:00
699,New Event,2025-12-18,18:00:00,3,0,12,confirmed,2025-12-11T18:00:00
22,Yoga Class,2025-12-16,16:00:00,1,0,12,confirmed,2025-12-15T16:00:00
124,AI Workshop,2025-12-16,16:00:00,1,0,12,confirmed,2025-12-05T16:00:00
167,Code Review,2025-12-16,16:00:00,1,0,12,confirmed,2025-12-03T16:00:00
269,AI Workshop,2025-12-16,16:00:00,1,0,12,confirmed,2025-12-14T16:00:00
295,Yoga Class,2025-12-16,16:00:00,1,0,12,confirmed,2025-12-06T16:00:00
313,Business Meeting,2025-12-16,16:00:00,1,0,12,confirmed,2025-12-05T16:00:00
336,Code Review,2025-12-16,16:00:00,1,0,12,confirmed,2025-12-10T16:00:00
519,AI Workshop,2025-12-16,16:00:00,1,0,12,confirmed,2025-12-03T16:00:00
542,Yoga Class,2025-12-16,16:00:00,1,0,12,confirmed,2025-12-15T16:00:00
564,Business Meeting,2025-12-16,16:00:00,1,0,12,confirmed,2025-12-08T16:00:00
586,Code Review,2025-12-16,16:00:00,1,0,12,confirmed,2025-12-12T16:00:00
770,AI Workshop,2025-12-16,16:00:00,1,0,12,confirmed,2025-12-10T16:00:00
792,Yoga Class,2025-12-16,16:00:00,1,0,12,cancelled,2025-12-14T16:00:00
815,Business Meeting,2025-12-16,16:00:00,1,0,12,confirmed,2025-12-05T16:00:00
833,Code Review,2025-12-16,16:00:00,1,0,12,cancelled,2025-12-03T16:00:00
21,Yoga Class,2025-12-16,14:00:00,1,0,12,confirmed,2025-12-11T14:00:00
45,Code Review,2025-12-16,14:00:00,1,0,12,confirmed,2025-12-10T14:00:00
123,AI Workshop,2025-12-16,14:00:00,1,0,12,confirmed,2025-12-05T14:00:00
140,Yoga Class,2025-12-16,14:00:00,1,0,12,confirmed,2025-12-10T14:00:00
268,AI Workshop,2025-12-16,14:00:00,1,0,12,confirmed,2025-12-07T14:00:00
294,Yoga Class,2025-12-16,14:00:00,1,0,12,confirmed,2025-12-02T14:00:00
312,Business Meeting,2025-12-16,14:00:00,1,0,12,confirmed,2025-12-06T14:00:00
335,Code Review,2025-12-16,14:00:00,1,0,12,confirmed,2025-12-07T14:00:00
518,AI Workshop,2025-12-16,14:00:00,1,0,12,confirmed,2025-12-13T14:00:00
541,Yoga Class,2025-12-16,14:00:00,1,0,12,confirmed,2025-12-10T14:00:00
563,Business Meeting,2025-12-16,14:00:00,1,0,12,confirmed,2025-12-15T14:00:00
585,Code Review,2025-12-16,14:00:00,1,0,12,confirmed,2025-12-12T14:00:00
769,AI Workshop,2025-12-16,14:00:00,1,0,12,confirmed,2025-12-13T14:00:00
791,Yoga Class,2025-12-16,14:00:00,1,0,12,confirmed,2025-12-12T14:00:00
814,Business Meeting,2025-12-16,14:00:00,1,0,12,cancelled,2025-12-06T14:00:00
832,Code Review,2025-12-16,14:00:00,1,0,12,confirmed,2025-12-06T14:00:00
44,Code Review,2025-12-16,11:00:00,1,0,12,confirmed,2025-12-07T11:00:00
122,AI Workshop,2025-12-16,11:00:00,1,0,12,confirmed,2025-12-15T11:00:00
267,AI Workshop,2025-12-16,11:00:00,1,0,12,confirmed,2025-12-05T11:00:00
293,Yoga Class,2025-12-16,11:00:00,1,0,12,confirmed,2025-12-08T11:00:00
311,Business Meeting,2025-12-16,11:00:00,1,0,12,confirmed,2025-12-04T11:00:00
334,Code Review,2025-12-16,11:00:00,1,0,12,confirmed,2025-12-14T11:00:00
517,AI Workshop,2025-12-16,11:00:00,1,0,12,confirmed,2025-12-07T11:00:00
540,Yoga Class,2025-12-16,11:00:00,1,0,12,confirmed,2025-12-06T11:00:00
562,Business Meeting,2025-12-16,11:00:00,1,0,12,confirmed,2025-12-02T11:00:00
584,Code Review,2025-12-16,11:00:00,1,0,12,confirmed,2025-12-03T11:00:00
768,AI Workshop,2025-12-16,11:00:00,1,0,12,confirmed,2025-12-15T11:00:00
790,Yoga Class,2025-12-16,11:00:00,1,0,12,confirmed,2025-12-09T11:00:00
813,Business Meeting,2025-12-16,11:00:00,1,0,12,confirmed,2025-12-11T11:00:00
831,Code Review,2025-12-16,11:00:00,1,0,12,confirmed,2025-12-14T11:00:00
20,Yoga Class,2025-12-16,09:00:00,1,0,12,confirmed,2025-12-07T09:00:00
33,Business Meeting,2025-12-16,09:00:00,1,0,12,confirmed,2025-12-09T09:00:00
121,AI Workshop,2025-12-16,09:00:00,1,0,12,confirmed,2025-12-13T09:00:00
139,Yoga Class,2025-12-16,09:00:00,1,0,12,confirmed,2025-12-11T09:00:00
156,Business Meeting,2025-12-16,09:00:00,1,0,12,confirmed,2025-12-12T09:00:00
266,AI Workshop,2025-12-16,09:00:00,1,0,12,confirmed,2025-12-12T09:00:00
292,Yoga Class,2025-12-16,09:00:00,1,0,12,confirmed,2025-12-05T09:00:00
310,Business Meeting,2025-12-16,09:00:00,1,0,12,confirmed,2025-12-07T09:00:00
516,AI Workshop,2025-12-16,09:00:00,1,0,12,confirmed,2025-12-14T09:00:00
539,Yoga Class,2025-12-16,09:00:00,1,0,12,confirmed,2025-12-10T09:00:00
561,Business Meeting,2025-12-16,09:00:00,1,0,12,confirmed,2025-12-05T09:00:00
583,Code Review,2025-12-16,09:00:00,1,0,12,confirmed,2025-12-11T09:00:00
32,Business Meeting,2025-12-15,16:00:00,0,0,12,confirmed,2025-12-01T16:00:00
155,Business Meeting,2025-12-15,16:00:00,0,0,12,confirmed,2025-12-13T16:00:00
166,Code Review,2025-12-15,16:00:00,0,0,12,confirmed,2025-12-11T16:00:00
265,AI Workshop,2025-12-15,16:00:00,0,0,12,confirmed,2025-12-14T16:00:00
291,Yoga Class,2025-12-15,16:00:00,0,0,12,confirmed,2025-12-14T16:00:00
309,Business Meeting,2025-12-15,16:00:00,0,0,12,confirmed,2025-12-05T16:00:00
333,Code Review,2025-12-15,16:00:00,0,0,12,confirmed,2025-12-04T16:00:00
515,AI Workshop,2025-12-15,16:00:00,0,0,12,confirmed,2025-12-03T16:00:00
538,Yoga Class,2025-12-15,16:00:00,0,0,12,confirmed,2025-12-13T16:00:00
560,Business Meeting,2025-12-15,16:00:00,0,0,12,confirmed,2025-12-07T16:00:00
582,Code Review,2025-12-15,16:00:00,0,0,12,confirmed,2025-12-07T16:00:00
789,Yoga Class,2025-12-15,16:00:00,0,0,12,confirmed,2025-12-04T16:00:00
812,Business Meeting,2025-12-15,16:00:00,0,0,12,confirmed,2025-12-03T16:00:00
830,Code Review,2025-12-15,16:00:00,0,0,12,cancelled,2025-12-04T16:00:00
9,AI Workshop,2025-12-15,14:00:00,0,0,12,confirmed,2025-12-14T14:00:00
120,AI Workshop,2025-12-15,14:00:00,0,0,12,confirmed,2025-12-05T14:00:00
154,Business Meeting,2025-12-15,14:00:00,0,0,12,confirmed,2025-12-12T14:00:00
264,AI Workshop,2025-12-15,14:00:00,0,0,12,cancelled,2025-12-07T14:00:00
290,Yoga Class,2025-12-15,14:00:00,0,0,12,confirmed,2025-12-14T14:00:00
308,Business Meeting,2025-12-15,14:00:00,0,0,12,confirmed,2025-12-02T14:00:00
332,Code Review,2025-12-15,14:00:00,0,0,12,cancelled,2025-12-11T14:00:00
514,AI Workshop,2025-12-15,14:00:00,0,0,12,confirmed,2025-12-03T14:00:00
559,Business Meeting,2025-12-15,14:00:00,0,0,12,confirmed,2025-12-09T14:00:00
581,Code Review,2025-12-15,14:00:00,0,0,12,confirmed,2025-12-06T14:00:00
767,AI Workshop,2025-12-15,14:00:00,0,0,12,confirmed,2025-12-05T14:00:00
788,Yoga Class,2025-12-15,14:00:00,0,0,12,cancelled,2025-12-01T14:00:00
811,Business Meeting,2025-12-15,14:00:00,0,0,12,confirmed,2025-12-03T14:00:00
829,Code Review,2025-12-15,14:00:00,0,0,12,confirmed,2025-12-07T14:00:00
8,AI Workshop,2025-12-15,11:00:00,0,0,12,confirmed,2025-12-04T11:00:00
119,AI Workshop,2025-12-15,11:00:00,0,0,12,confirmed,2025-12-04T11:00:00
153,Business Meeting,2025-12-15,11:00:00,0,0,12,confirmed,2025-12-12T11:00:00
263,AI Workshop,2025-12-15,11:00:00,0,0,12,confirmed,2025-12-13T11:00:00
289,Yoga Class,2025-12-15,11:00:00,0,0,12,cancelled,2025-12-04T11:00:00
331,Code Review,2025-12-15,11:00:00,0,0,12,confirmed,2025-12-11T11:00:00
513,AI Workshop,2025-12-15,11:00:00,0,0,12,confirmed,2025-12-10T11:00:00
537,Yoga Class,2025-12-15,11:00:00,0,0,12,cancelled,2025-12-04T11:00:00
558,Business Meeting,2025-12-15,11:00:00,0,0,12,confirmed,2025-12-04T11:00:00
580,Code Review,2025-12-15,11:00:00,0,0,12,confirmed,2025-12-02T11:00:00
766,AI Workshop,2025-12-15,11:00:00,0,0,12,confirmed,2025-12-04T11:00:00
787,Yoga Class,2025-12-15,11:00:00,0,0,12,confirmed,2025-12-14T11:00:00
810,Business Meeting,2025-12-15,11:00:00,0,0,12,cancelled,2025-12-02T11:00:00
828,Code Review,2025-12-15,11:00:00,0,0,12,confirmed,2025-12-06T11:00:00
102,New Event,2025-12-15,10:00:00,0,0,12,confirmed,2025-12-06T10:00:00
449,New Event,2025-12-15,10:00:00,0,0,12,confirmed,2025-12-12T10:00:00
697,New Event,2025-12-15,10:00:00,0,0,12,confirmed,2025-12-01T10:00:00
948,New Event,2025-12-15,10:00:00,0,0,12,confirmed,2025-12-03T10:00:00
165,Code Review,2025-12-15,09:00:00,0,0,12,cancelled,2025-12-11T09:00:00
262,AI Workshop,2025-12-15,09:00:00,0,0,12,confirmed,2025-12-06T09:00:00
307,Business Meeting,2025-12-15,09:00:00,0,0,12,cancelled,2025-12-10T09:00:00
330,Code Review,2025-12-15,09:00:00,0,0,12,confirmed,2025-12-06T09:00:00
512,AI Workshop,2025-12-15,09:00:00,0,0,12,confirmed,2025-12-10T09:00:00
536,Yoga Class,2025-12-15,09:00:00,0,0,12,confirmed,2025-12-14T09:00:00
557,Business Meeting,2025-12-15,09:00:00,0,0,12,confirmed,2025-12-14T09:00:00
579,Code Review,2025-12-15,09:00:00,0,0,12,cancelled,2025-12-13T09:00:00
765,AI Workshop,2025-12-15,09:00:00,0,0,12,confirmed,2025-12-03T09:00:00
786,Yoga Class,2025-12-15,09:00:00,0,0,12,confirmed,2025-12-04T09:00:00
31,Business Meeting,2025-12-14,16:00:00,6,1,12,cancelled,2025-12-12T16:00:00
118,AI Workshop,2025-12-14,16:00:00,6,1,12,confirmed,2025-12-03T16:00:00
152,Business Meeting,2025-12-14,16:00:00,6,1,12,cancelled,2025-12-08T16:00:00
261,AI Workshop,2025-12-14,16:00:00,6,1,12,confirmed,2025-11-30T16:00:00
288,Yoga Class,2025-12-14,16:00:00,6,1,12,confirmed,2025-12-02T16:00:00
329,Code Review,2025-12-14,16:00:00,6,1,12,confirmed,2025-12-04T16:00:00
535,Yoga Class,2025-12-14,16:00:00,6,1,12,confirmed,2025-12-05T16:00:00
556,Business Meeting,2025-12-14,16:00:00,6,1,12,confirmed,2025-12-02T16:00:00
578,Code Review,2025-12-14,16:00:00,6,1,12,cancelled,2025-12-04T16:00:00
764,AI Workshop,2025-12-14,16:00:00,6,1,12,confirmed,2025-12-06T16:00:00
785,Yoga Class,2025-12-14,16:00:00,6,1,12,cancelled,2025-12-03T16:00:00
809,Business Meeting,2025-12-14,16:00:00,6,1,12,cancelled,2025-12-08T16:00:00
696,New Event,2025-12-14,15:00:00,6,1,12,confirmed,2025-12-02T15:00:00
947,New Event,2025-12-14,15:00:00,6,1,12,confirmed,2025-12-13T15:00:00
19,Yoga Class,2025-12-14,14:00:00,6,1,12,confirmed,2025-12-06T14:00:00
117,AI Workshop,2025-12-14,14:00:00,6,1,12,confirmed,2025-12-06T14:00:00
138,Yoga Class,2025-12-14,14:00:00,6,1,12,confirmed,2025-12-05T14:00:00
151,Business Meeting,2025-12-14,14:00:00,6,1,12,confirmed,2025-12-05T14:00:00
287,Yoga Class,2025-12-14,14:00:00,6,1,12,confirmed,2025-12-11T14:00:00
511,AI Workshop,2025-12-14,14:00:00,6,1,12,confirmed,2025-12-09T14:00:00
534,Yoga Class,2025-12-14,14:00:00,6,1,12,confirmed,2025-12-13T14:00:00
577,Code Review,2025-12-14,14:00:00,6,1,12,confirmed,2025-12-12T14:00:00
763,AI Workshop,2025-12-14,14:00:00,6,1,12,cancelled,2025-12-06T14:00:00
808,Business Meeting,2025-12-14,14:00:00,6,1,12,confirmed,2025-12-01T14:00:00
827,Code Review,2025-12-14,14:00:00,6,1,12,confirmed,2025-12-11T14:00:00
448,New Event,2025-12-14,13:00:00,6,1,12,confirmed,2025-12-09T13:00:00
695,New Event,2025-12-14,13:00:00,6,1,12,confirmed,2025-12-11T13:00:00
946,New Event,2025-12-14,13:00:00,6,1,12,confirmed,2025-12-02T13:00:00
18,Yoga Class,2025-12-14,11:00:00,6,1,12,confirmed,2025-11-30T11:00:00
43,Code Review,2025-12-14,11:00:00,6,1,12,confirmed,2025-12-08T11:00:00
260,AI Workshop,2025-12-14,11:00:00,6,1,12,confirmed,2025-12-05T11:00:00
286,Yoga Class,2025-12-14,11:00:00,6,1,12,confirmed,2025-11-30T11:00:00
510,AI Workshop,2025-12-14,11:00:00,6,1,12,confirmed,2025-12-01T11:00:00
533,Yoga Class,2025-12-14,11:00:00,6,1,12,confirmed,2025-12-07T11:00:00
762,AI Workshop,2025-12-14,11:00:00,6,1,12,confirmed,2025-12-11T11:00:00
807,Business Meeting,2025-12-14,11:00:00,6,1,12,confirmed,2025-12-10T11:00:00
826,Code Review,2025-12-14,11:00:00,6,1,12,confirmed,2025-12-01T11:00:00
137,Yoga Class,2025-12-14,09:00:00,6,1,12,confirmed,2025-12-07T09:00:00
259,AI Workshop,2025-12-14,09:00:00,6,1,12,confirmed,2025-11-30T09:00:00
285,Yoga Class,2025-12-14,09:00:00,6,1,12,confirmed,2025-12-12T09:00:00
328,Code Review,2025-12-14,09:00:00,6,1,12,cancelled,2025-12-10T09:00:00
761,AI Workshop,2025-12-14,09:00:00,6,1,12,confirmed,2025-12-07T09:00:00
784,Yoga Class,2025-12-14,09:00:00,6,1,12,confirmed,2025-12-07T09:00:00
806,Business Meeting,2025-12-14,09:00:00,6,1,12,confirmed,2025-12-03T09:00:00
226,New Event,2025-12-13,18:00:00,5,1,12,confirmed,2025-12-04T18:00:00
7,AI Workshop,2025-12-13,16:00:00,5,1,12,confirmed,2025-12-02T16:00:00
17,Yoga Class,2025-12-13,16:00:00,5,1,12,confirmed,2025-12-06T16:00:00
116,AI Workshop,2025-12-13,16:00:00,5,1,12,cancelled,2025-12-09T16:00:00
136,Yoga Class,2025-12-13,16:00:00,5,1,12,confirmed,2025-12-07T16:00:00
150,Business Meeting,2025-12-13,16:00:00,5,1,12,confirmed,2025-12-05T16:00:00
284,Yoga Class,2025-12-13,16:00:00,5,1,12,confirmed,2025-11-30T16:00:00
509,AI Workshop,2025-12-13,16:00:00,5,1,12,confirmed,2025-12-03T16:00:00
555,Business Meeting,2025-12-13,16:00:00,5,1,12,confirmed,2025-12-01T16:00:00
783,Yoga Class,2025-12-13,16:00:00,5,1,12,confirmed,2025-12-01T16:00:00
101,New Event,2025-12-13,14:00:00,5,1,12,confirmed,2025-11-29T14:00:00
283,Yoga Class,2025-12-13,14:00:00,5,1,12,confirmed,2025-12-01T14:00:00
306,Business Meeting,2025-12-13,14:00:00,5,1,12,confirmed,2025-12-10T14:00:00
327,Code Review,2025-12-13,14:00:00,5,1,12,confirmed,2025-12-11T14:00:00
532,Yoga Class,2025-12-13,14:00:00,5,1,12,confirmed,2025-12-04T14:00:00
554,Business Meeting,2025-12-13,14:00:00,5,1,12,confirmed,2025-12-06T14:00:00
576,Code Review,2025-12-13,14:00:00,5,1,12,confirmed,2025-12-06T14:00:00
694,New Event,2025-12-13,14:00:00,5,1,12,confirmed,2025-12-03T14:00:00
760,AI Workshop,2025-12-13,14:00:00,5,1,12,confirmed,2025-12-06T14:00:00
805,Business Meeting,2025-12-13,14:00:00,5,1,12,confirmed,2025-12-04T14:00:00
30,Business Meeting,2025-12-13,11:00:00,5,1,12,confirmed,2025-12-12T11:00:00
42,Code Review,2025-12-13,11:00:00,5,1,12,confirmed,2025-12-11T11:00:00
115,AI Workshop,2025-12-13,11:00:00,5,1,12,confirmed,2025-11-29T11:00:00
135,Yoga Class,2025-12-13,11:00:00,5,1,12,confirmed,2025-12-06T11:00:00
164,Code Review,2025-12-13,11:00:00,5,1,12,confirmed,2025-12-09T11:00:00
258,AI Workshop,2025-12-13,11:00:00,5,1,12,confirmed,2025-12-08T11:00:00
282,Yoga Class,2025-12-13,11:00:00,5,1,12,confirmed,2025-11-30T11:00:00
508,AI Workshop,2025-12-13,11:00:00,5,1,12,confirmed,2025-12-11T11:00:00
531,Yoga Class,2025-12-13,11:00:00,5,1,12,confirmed,2025-12-10T11:00:00
553,Business Meeting,2025-12-13,11:00:00,5,1,12,confirmed,2025-12-03T11:00:00
804,Business Meeting,2025-12-13,11:00:00,5,1,12,cancelled,2025-12-01T11:00:00
825,Code Review,2025-12-13,11:00:00,5,1,12,confirmed,2025-12-05T11:00:00
257,AI Workshop,2025-12-13,09:00:00,5,1,12,cancelled,2025-12-02T09:00:00
326,Code Review,2025-12-13,09:00:00,5,1,12,confirmed,2025-12-04T09:00:00
530,Yoga Class,2025-12-13,09:00:00,5,1,12,confirmed,2025-12-05T09:00:00
29,Business Meeting,2025-12-12,16:00:00,4,0,12,confirmed,2025-12-09T16:00:00
114,AI Workshop,2025-12-12,16:00:00,4,0,12,confirmed,2025-11-30T16:00:00
134,Yoga Class,2025-12-12,16:00:00,4,0,12,cancelled,2025-12-10T16:00:00
149,Business Meeting,2025-12-12,16:00:00,4,0,12,confirmed,2025-12-08T16:00:00
256,AI Workshop,2025-12-12,16:00:00,4,0,12,confirmed,2025-12-07T16:00:00
281,Yoga Class,2025-12-12,16:00:00,4,0,12,confirmed,2025-12-07T16:00:00
325,Code Review,2025-12-12,16:00:00,4,0,12,confirmed,2025-12-06T16:00:00
507,AI Workshop,2025-12-12,16:00:00,4,0,12,confirmed,2025-12-01T16:00:00
529,Yoga Class,2025-12-12,16:00:00,4,0,12,confirmed,2025-12-03T16:00:00
552,Business Meeting,2025-12-12,16:00:00,4,0,12,confirmed,2025-12-05T16:00:00
575,Code Review,2025-12-12,16:00:00,4,0,12,confirmed,2025-12-09T16:00:00
759,AI Workshop,2025-12-12,16:00:00,4,0,12,confirmed,2025-12-04T16:00:00
782,Yoga Class,2025-12-12,16:00:00,4,0,12,confirmed,2025-11-30T16:00:00
803,Business Meeting,2025-12-12,16:00:00,4,0,12,confirmed,2025-12-10T16:00:00
824,Code Review,2025-12-12,16:00:00,4,0,12,confirmed,2025-11-30T16:00:00
16,Yoga Class,2025-12-12,14:00:00,4,0,12,cancelled,2025-12-02T14:00:00
28,Business Meeting,2025-12-12,14:00:00,4,0,12,confirmed,2025-11-29T14:00:00
41,Code Review,2025-12-12,14:00:00,4,0,12,confirmed,2025-12-02T14:00:00
103,New Event,2025-12-12,14:00:00,4,0,12,confirmed,2025-12-06T14:00:00
133,Yoga Class,2025-12-12,14:00:00,4,0,12,confirmed,2025-12-06T14:00:00
163,Code Review,2025-12-12,14:00:00,4,0,12,confirmed,2025-12-01T14:00:00
227,New Event,2025-12-12,14:00:00,4,0,12,confirmed,2025-12-10T14:00:00
255,AI Workshop,2025-12-12,14:00:00,4,0,12,confirmed,2025-12-03T14:00:00
280,Yoga Class,2025-12-12,14:00:00,4,0,12,confirmed,2025-12-04T14:00:00
305,Business Meeting,2025-12-12,14:00:00,4,0,12,confirmed,2025-12-01T14:00:00
324,Code Review,2025-12-12,14:00:00,4,0,12,confirmed,2025-12-07T14:00:00
450,New Event,2025-12-12,14:00:00,4,0,12,confirmed,2025-12-11T14:00:00
528,Yoga Class,2025-12-12,14:00:00,4,0,12,confirmed,2025-12-10T14:00:00
574,Code Review,2025-12-12,14:00:00,4,0,12,cancelled,2025-12-06T14:00:00
698,New Event,2025-12-12,14:00:00,4,0,12,confirmed,2025-11-30T14:00:00
758,AI Workshop,2025-12-12,14:00:00,4,0,12,confirmed,2025-11-30T14:00:00
781,Yoga Class,2025-12-12,14:00:00,4,0,12,confirmed,2025-12-11T14:00:00
802,Business Meeting,2025-12-12,14:00:00,4,0,12,confirmed,2025-11-30T14:00:00
823,Code Review,2025-12-12,14:00:00,4,0,12,confirmed,2025-11-28T14:00:00
949,New Event,2025-12-12,14:00:00,4,0,12,confirmed,2025-12-06T14:00:00
228,New Event,2025-12-12,12:16:00,4,0,12,confirmed,2025-12-08T12:16:00
451,New Event,2025-12-12,12:16:00,4,0,12,confirmed,2025-11-28T12:16:00
700,New Event,2025-12-12,12:16:00,4,0,12,confirmed,2025-11-29T12:16:00
950,New Event,2025-12-12,12:16:00,4,0,12,confirmed,2025-12-02T12:16:00
15,Yoga Class,2025-12-12,11:00:00,4,0,12,confirmed,2025-12-08T11:00:00
40,Code Review,2025-12-12,11:00:00,4,0,12,confirmed,2025-12-03T11:00:00
113,AI Workshop,2025-12-12,11:00:00,4,0,12,confirmed,2025-12-09T11:00:00
132,Yoga Class,2025-12-12,11:00:00,4,0,12,confirmed,2025-12-08T11:00:00
148,Business Meeting,2025-12-12,11:00:00,4,0,12,confirmed,2025-11-30T11:00:00
162,Code Review,2025-12-12,11:00:00,4,0,12,confirmed,2025-11-28T11:00:00
254,AI Workshop,2025-12-12,11:00:00,4,0,12,cancelled,2025-12-07T11:00:00
279,Yoga Class,2025-12-12,11:00:00,4,0,12,confirmed,2025-12-02T11:00:00
304,Business Meeting,2025-12-12,11:00:00,4,0,12,confirmed,2025-12-03T11:00:00
323,Code Review,2025-12-12,11:00:00,4,0,12,cancelled,2025-12-03T11:00:00
506,AI Workshop,2025-12-12,11:00:00,4,0,12,confirmed,2025-12-01T11:00:00
527,Yoga Class,2025-12-12,11:00:00,4,0,12,confirmed,2025-12-01T11:00:00
551,Business Meeting,2025-12-12,11:00:00,4,0,12,confirmed,2025-12-02T11:00:00
573,Code Review,2025-12-12,11:00:00,4,0,12,confirmed,2025-12-05T11:00:00
757,AI Workshop,2025-12-12,11:00:00,4,0,12,confirmed,2025-12-10T11:00:00
780,Yoga Class,2025-12-12,11:00:00,4,0,12,confirmed,2025-12-03T11:00:00
801,Business Meeting,2025-12-12,11:00:00,4,0,12,confirmed,2025-12-09T11:00:00
822,Code Review,2025-12-12,11:00:00,4,0,12,confirmed,2025-11-28T11:00:00
27,Business Meeting,2025-12-12,09:00:00,4,0,12,confirmed,2025-12-07T09:00:00
39,Code Review,2025-12-12,09:00:00,4,0,12,confirmed,2025-11-29T09:00:00
112,AI Workshop,2025-12-12,09:00:00,4,0,12,confirmed,2025-11-30T09:00:00
131,Yoga Class,2025-12-12,09:00:00,4,0,12,confirmed,2025-12-04T09:00:00
147,Business Meeting,2025-12-12,09:00:00,4,0,12,confirmed,2025-12-03T09:00:00
253,AI Workshop,2025-12-12,09:00:00,4,0,12,confirmed,2025-12-10T09:00:00
278,Yoga Class,2025-12-12,09:00:00,4,0,12,confirmed,2025-12-03T09:00:00
303,Business Meeting,2025-12-12,09:00:00,4,0,12,confirmed,2025-12-10T09:00:00
322,Code Review,2025-12-12,09:00:00,4,0,12,confirmed,2025-12-07T09:00:00
505,AI Workshop,2025-12-12,09:00:00,4,0,12,confirmed,2025-12-06T09:00:00
550,Business Meeting,2025-12-12,09:00:00,4,0,12,confirmed,2025-12-04T09:00:00
572,Code Review,2025-12-12,09:00:00,4,0,12,confirmed,2025-12-09T09:00:00
756,AI Workshop,2025-12-12,09:00:00,4,0,12,confirmed,2025-11-29T09:00:00
779,Yoga Class,2025-12-12,09:00:00,4,0,12,confirmed,2025-12-11T09:00:00
6,AI Workshop,2025-12-11,16:00:00,3,0,12,confirmed,2025-11-29T16:00:00
14,Yoga Class,2025-12-11,16:00:00,3,0,12,confirmed,2025-12-01T16:00:00
26,Business Meeting,2025-12-11,16:00:00,3,0,12,cancelled,2025-11-28T16:00:00
38,Code Review,2025-12-11,16:00:00,3,0,12,confirmed,2025-11-29T16:00:00
130,Yoga Class,2025-12-11,16:00:00,3,0,12,confirmed,2025-12-05T16:00:00
277,Yoga Class,2025-12-11,16:00:00,3,0,12,confirmed,2025-12-01T16:00:00
302,Business Meeting,2025-12-11,16:00:00,3,0,12,cancelled,2025-12-08T16:00:00
321,Code Review,2025-12-11,16:00:00,3,0,12,confirmed,2025-12-02T16:00:00
504,AI Workshop,2025-12-11,16:00:00,3,0,12,confirmed,2025-12-06T16:00:00
526,Yoga Class,2025-12-11,16:00:00,3,0,12,confirmed,2025-12-01T16:00:00
549,Business Meeting,2025-12-11,16:00:00,3,0,12,confirmed,2025-11-28T16:00:00
755,AI Workshop,2025-12-11,16:00:00,3,0,12,confirmed,2025-11-28T16:00:00
778,Yoga Class,2025-12-11,16:00:00,3,0,12,confirmed,2025-12-01T16:00:00
800,Business Meeting,2025-12-11,16:00:00,3,0,12,confirmed,2025-11-29T16:00:00
821,Code Review,2025-12-11,16:00:00,3,0,12,confirmed,2025-11-30T16:00:00
5,AI Workshop,2025-12-11,14:00:00,3,0,12,cancelled,2025-11-28T14:00:00
13,Yoga Class,2025-12-11,14:00:00,3,0,12,confirmed,2025-12-01T14:00:00
111,AI Workshop,2025-12-11,14:00:00,3,0,12,cancelled,2025-12-09T14:00:00
129,Yoga Class,2025-12-11,14:00:00,3,0,12,confirmed,2025-12-10T14:00:00
146,Business Meeting,2025-12-11,14:00:00,3,0,12,confirmed,2025-11-29T14:00:00
252,AI Workshop,2025-12-11,14:00:00,3,0,12,confirmed,2025-12-08T14:00:00
276,Yoga Class,2025-12-11,14:00:00,3,0,12,cancelled,2025-12-09T14:00:00
301,Business Meeting,2025-12-11,14:00:00,3,0,12,confirmed,2025-12-10T14:00:00
320,Code Review,2025-12-11,14:00:00,3,0,12,confirmed,2025-12-10T14:00:00
503,AI Workshop,2025-12-11,14:00:00,3,0,12,confirmed,2025-12-08T14:00:00
548,Business Meeting,2025-12-11,14:00:00,3,0,12,confirmed,2025-11-27T14:00:00
571,Code Review,2025-12-11,14:00:00,3,0,12,confirmed,2025-12-03T14:00:00
777,Yoga Class,2025-12-11,14:00:00,3,0,12,confirmed,2025-12-04T14:00:00
799,Business Meeting,2025-12-11,14:00:00,3,0,12,confirmed,2025-11-27T14:00:00
820,Code Review,2025-12-11,14:00:00,3,0,12,confirmed,2025-11-30T14:00:00
4,AI Workshop,2025-12-11,11:00:00,3,0,12,confirmed,2025-12-08T11:00:00
12,Yoga Class,2025-12-11,11:00:00,3,0,12,confirmed,2025-11-28T11:00:00
25,Business Meeting,2025-12-11,11:00:00,3,0,12,confirmed,2025-12-07T11:00:00
37,Code Review,2025-12-11,11:00:00,3,0,12,confirmed,2025-12-06T11:00:00
128,Yoga Class,2025-12-11,11:00:00,3,0,12,confirmed,2025-12-05T11:00:00
145,Business Meeting,2025-12-11,11:00:00,3,0,12,confirmed,2025-11-29T11:00:00
161,Code Review,2025-12-11,11:00:00,3,0,12,confirmed,2025-12-09T11:00:00
251,AI Workshop,2025-12-11,11:00:00,3,0,12,confirmed,2025-12-07T11:00:00
275,Yoga Class,2025-12-11,11:00:00,3,0,12,confirmed,2025-11-27T11:00:00
300,Business Meeting,2025-12-11,11:00:00,3,0,12,confirmed,2025-12-04T11:00:00
319,Code Review,2025-12-11,11:00:00,3,0,12,confirmed,2025-12-03T11:00:00
502,AI Workshop,2025-12-11,11:00:00,3,0,12,confirmed,2025-12-01T11:00:00
525,Yoga Class,2025-12-11,11:00:00,3,0,12,confirmed,2025-12-03T11:00:00
547,Business Meeting,2025-12-11,11:00:00,3,0,12,confirmed,2025-12-08T11:00:00
570,Code Review,2025-12-11,11:00:00,3,0,12,confirmed,2025-11-27T11:00:00
754,AI Workshop,2025-12-11,11:00:00,3,0,12,confirmed,2025-11-30T11:00:00
776,Yoga Class,2025-12-11,11:00:00,3,0,12,confirmed,2025-12-01T11:00:00
798,Business Meeting,2025-12-11,11:00:00,3,0,12,confirmed,2025-12-01T11:00:00
819,Code Review,2025-12-11,11:00:00,3,0,12,confirmed,2025-11-30T11:00:00
3,AI Workshop,2025-12-11,09:00:00,3,0,12,confirmed,2025-12-02T09:00:00
11,Yoga Class,2025-12-11,09:00:00,3,0,12,confirmed,2025-12-02T09:00:00
144,Business Meeting,2025-12-11,09:00:00,3,0,12,confirmed,2025-12-01T09:00:00
250,AI Workshop,2025-12-11,09:00:00,3,0,12,confirmed,2025-11-29T09:00:00
274,Yoga Class,2025-12-11,09:00:00,3,0,12,confirmed,2025-12-05T09:00:00
318,Code Review,2025-12-11,09:00:00,3,0,12,confirmed,2025-11-29T09:00:00
501,AI Workshop,2025-12-11,09:00:00,3,0,12,confirmed,2025-12-02T09:00:00
524,Yoga Class,2025-12-11,09:00:00,3,0,12,confirmed,2025-12-01T09:00:00
546,Business Meeting,2025-12-11,09:00:00,3,0,12,confirmed,2025-11-30T09:00:00
569,Code Review,2025-12-11,09:00:00,3,0,12,confirmed,2025-11-29T09:00:00
753,AI Workshop,2025-12-11,09:00:00,3,0,12,confirmed,2025-12-04T09:00:00
775,Yoga Class,2025-12-11,09:00:00,3,0,12,confirmed,2025-12-07T09:00:00
797,Business Meeting,2025-12-11,09:00:00,3,0,12,confirmed,2025-12-01T09:00:00
818,Code Review,2025-12-11,09:00:00,3,0,12,confirmed,2025-11-29T09:00:00
110,AI Workshop,2025-12-10,16:00:00,2,0,12,confirmed,2025-12-07T16:00:00
143,Business Meeting,2025-12-10,16:00:00,2,0,12,confirmed,2025-11-26T16:00:00
160,Code Review,2025-12-10,16:00:00,2,0,12,confirmed,2025-12-03T16:00:00
249,AI Workshop,2025-12-10,16:00:00,2,0,12,confirmed,2025-12-07T16:00:00
273,Yoga Class,2025-12-10,16:00:00,2,0,12,confirmed,2025-12-02T16:00:00
299,Business Meeting,2025-12-10,16:00:00,2,0,12,confirmed,2025-12-09T16:00:00
317,Code Review,2025-12-10,16:00:00,2,0,12,confirmed,2025-11-29T16:00:00
523,Yoga Class,2025-12-10,16:00:00,2,0,12,cancelled,2025-11-30T16:00:00
545,Business Meeting,2025-12-10,16:00:00,2,0,12,confirmed,2025-11-29T16:00:00
568,Code Review,2025-12-10,16:00:00,2,0,12,confirmed,2025-12-03T16:00:00
752,AI Workshop,2025-12-10,16:00:00,2,0,12,confirmed,2025-11-27T16:00:00
774,Yoga Class,2025-12-10,16:00:00,2,0,12,confirmed,2025-12-07T16:00:00
796,Business Meeting,2025-12-10,16:00:00,2,0,12,confirmed,2025-12-04T16:00:00
2,AI Workshop,2025-12-10,14:00:00,2,0,12,confirmed,2025-12-07T14:00:00
24,Business Meeting,2025-12-10,14:00:00,2,0,12,confirmed,2025-12-09T14:00:00
36,Code Review,2025-12-10,14:00:00,2,0,12,confirmed,2025-12-04T14:00:00
109,AI Workshop,2025-12-10,14:00:00,2,0,12,confirmed,2025-12-08T14:00:00
127,Yoga Class,2025-12-10,14:00:00,2,0,12,confirmed,2025-11-28T14:00:00
142,Business Meeting,2025-12-10,14:00:00,2,0,12,confirmed,2025-11-26T14:00:00
159,Code Review,2025-12-10,14:00:00,2,0,12,confirmed,2025-12-08T14:00:00
248,AI Workshop,2025-12-10,14:00:00,2,0,12,confirmed,2025-11-27T14:00:00
272,Yoga Class,2025-12-10,14:00:00,2,0,12,confirmed,2025-12-09T14:00:00
298,Business Meeting,2025-12-10,14:00:00,2,0,12,confirmed,2025-12-01T14:00:00
316,Code Review,2025-12-10,14:00:00,2,0,12,confirmed,2025-12-06T14:00:00
500,AI Workshop,2025-12-10,14:00:00,2,0,12,confirmed,2025-11-29T14:00:00
522,Yoga Class,2025-12-10,14:00:00,2,0,12,confirmed,2025-11-30T14:00:00
544,Business Meeting,2025-12-10,14:00:00,2,0,12,confirmed,2025-12-05T14:00:00
567,Code Review,2025-12-10,14:00:00,2,0,12,confirmed,2025-11-29T14:00:00
751,AI Workshop,2025-12-10,14:00:00,2,0,12,confirmed,2025-12-01T14:00:00
773,Yoga Class,2025-12-10,14:00:00,2,0,12,confirmed,2025-12-08T14:00:00
795,Business Meeting,2025-12-10,14:00:00,2,0,12,confirmed,2025-12-08T14:00:00
817,Code Review,2025-12-10,14:00:00,2,0,12,confirmed,2025-12-09T14:00:00
10,Yoga Class,2025-12-10,11:00:00,2,0,12,confirmed,2025-12-02T11:00:00
23,Business Meeting,2025-12-10,11:00:00,2,0,12,confirmed,2025-12-08T11:00:00
35,Code Review,2025-12-10,11:00:00,2,0,12,confirmed,2025-12-04T11:00:00
126,Yoga Class,2025-12-10,11:00:00,2,0,12,confirmed,2025-12-03T11:00:00
158,Code Review,2025-12-10,11:00:00,2,0,12,confirmed,2025-12-02T11:00:00
247,AI Workshop,2025-12-10,11:00:00,2,0,12,confirmed,2025-12-02T11:00:00
271,Yoga Class,2025-12-10,11:00:00,2,0,12,confirmed,2025-12-08T11:00:00
297,Business Meeting,2025-12-10,11:00:00,2,0,12,confirmed,2025-12-01T11:00:00
315,Code Review,2025-12-10,11:00:00,2,0,12,confirmed,2025-12-03T11:00:00
499,AI Workshop,2025-12-10,11:00:00,2,0,12,confirmed,2025-11-26T11:00:00
521,Yoga Class,2025-12-10,11:00:00,2,0,12,confirmed,2025-11-30T11:00:00
543,Business Meeting,2025-12-10,11:00:00,2,0,12,confirmed,2025-12-01T11:00:00
566,Code Review,2025-12-10,11:00:00,2,0,12,confirmed,2025-12-03T11:00:00
750,AI Workshop,2025-12-10,11:00:00,2,0,12,confirmed,2025-12-09T11:00:00
772,Yoga Class,2025-12-10,11:00:00,2,0,12,confirmed,2025-11-26T11:00:00
794,Business Meeting,2025-12-10,11:00:00,2,0,12,confirmed,2025-12-05T11:00:00
816,Code Review,2025-12-10,11:00:00,2,0,12,confirmed,2025-12-07T11:00:00
1,AI Workshop,2025-12-10,09:00:00,2,0,12,confirmed,2025-12-04T09:00:00
34,Code Review,2025-12-10,09:00:00,2,0,12,confirmed,2025-12-04T09:00:00
125,Yoga Class,2025-12-10,09:00:00,2,0,12,confirmed,2025-12-01T09:00:00
141,Business Meeting,2025-12-10,09:00:00,2,0,12,confirmed,2025-12-09T09:00:00
157,Code Review,2025-12-10,09:00:00,2,0,12,confirmed,2025-11-27T09:00:00
246,AI Workshop,2025-12-10,09:00:00,2,0,12,confirmed,2025-12-03T09:00:00
270,Yoga Class,2025-12-10,09:00:00,2,0,12,cancelled,2025-12-07T09:00:00
296,Business Meeting,2025-12-10,09:00:00,2,0,12,confirmed,2025-12-05T09:00:00
314,Code Review,2025-12-10,09:00:00,2,0,12,confirmed,2025-12-09T09:00:00
498,AI Workshop,2025-12-10,09:00:00,2,0,12,confirmed,2025-12-09T09:00:00
520,Yoga Class,2025-12-10,09:00:00,2,0,12,confirmed,2025-12-02T09:00:00
565,Code Review,2025-12-10,09:00:00,2,0,12,confirmed,2025-12-02T09:00:00
749,AI Workshop,2025-12-10,09:00:00,2,0,12,confirmed,2025-12-09T09:00:00
771,Yoga Class,2025-12-10,09:00:00,2,0,12,confirmed,2025-12-05T09:00:00
793,Business Meeting,2025-12-10,09:00:00,2,0,12,confirmed,2025-11-28T09:00:00
104,AI Workshop 2025,2025-01-20,14:00:00,0,0,1,confirmed,2025-01-19T14:00:00
230,AI Workshop 2025,2025-01-20,14:00:00,0,0,1,confirmed,2025-01-10T14:00:00
453,AI Workshop 2025,2025-01-20,14:00:00,0,0,1,confirmed,2025-01-16T14:00:00
497,AI Workshop 2025,2025-01-20,14:00:00,0,0,1,confirmed,2025-01-17T14:00:00
702,AI Workshop 2025,2025-01-20,14:00:00,0,0,1,confirmed,2025-01-19T14:00:00
748,AI Workshop 2025,2025-01-20,14:00:00,0,0,1,confirmed,2025-01-14T14:00:00
951,AI Workshop 2025,2025-01-20,14:00:00,0,0,1,confirmed,2025-01-11T14:00:00
997,AI Workshop 2025,2025-01-20,14:00:00,0,0,1,confirmed,2025-01-11T14:00:00
229,AI Workshop 2025,2025-01-20,09:00:00,0,0,1,confirmed,2025-01-08T09:00:00
452,AI Workshop 2025,2025-01-20,09:00:00,0,0,1,confirmed,2025-01-16T09:00:00
496,AI Workshop 2025,2025-01-20,09:00:00,0,0,1,confirmed,2025-01-06T09:00:00
701,AI Workshop 2025,2025-01-20,09:00:00,0,0,1,confirmed,2025-01-16T09:00:00
747,AI Workshop 2025,2025-01-20,09:00:00,0,0,1,confirmed,2025-01-17T09:00:00
996,AI Workshop 2025,2025-01-20,09:00:00,0,0,1,confirmed,2025-01-08T09:00:00
108,AI Workshop 2025,2025-01-19,15:00:00,6,1,1,confirmed,2025-01-05T15:00:00
232,AI Workshop 2025,2025-01-19,15:00:00,6,1,1,confirmed,2025-01-09T15:00:00
457,AI Workshop 2025,2025-01-19,15:00:00,6,1,1,confirmed,2025-01-17T15:00:00
708,AI Workshop 2025,2025-01-19,15:00:00,6,1,1,confirmed,2025-01-13T15:00:00
957,AI Workshop 2025,2025-01-19,15:00:00,6,1,1,confirmed,2025-01-18T15:00:00
231,AI Workshop 2025,2025-01-19,10:00:00,6,1,1,confirmed,2025-01-17T10:00:00
456,AI Workshop 2025,2025-01-19,10:00:00,6,1,1,confirmed,2025-01-13T10:00:00
707,AI Workshop 2025,2025-01-19,10:00:00,6,1,1,confirmed,2025-01-12T10:00:00
956,AI Workshop 2025,2025-01-19,10:00:00,6,1,1,confirmed,2025-01-15T10:00:00
107,AI Workshop 2025,2025-01-18,15:00:00,5,1,1,confirmed,2025-01-09T15:00:00
706,AI Workshop 2025,2025-01-18,15:00:00,5,1,1,confirmed,2025-01-09T15:00:00
955,AI Workshop 2025,2025-01-18,15:00:00,5,1,1,confirmed,2025-01-12T15:00:00
455,AI Workshop 2025,2025-01-18,10:00:00,5,1,1,confirmed,2025-01-13T10:00:00
705,AI Workshop 2025,2025-01-18,10:00:00,5,1,1,confirmed,2025-01-08T10:00:00
954,AI Workshop 2025,2025-01-18,10:00:00,5,1,1,confirmed,2025-01-08T10:00:00
998,AI Workshop 2025,2025-01-15,09:00:00,2,0,1,confirmed,2025-01-04T09:00:00
219,AI Workshop,2024-12-20,16:00:00,4,0,12,confirmed,2024-12-19T16:00:00
369,AI Workshop,2024-12-20,16:00:00,4,0,12,confirmed,2024-12-15T16:00:00
402,AI Workshop,2024-12-20,16:00:00,4,0,12,confirmed,2024-12-12T16:00:00
437,AI Workshop,2024-12-20,16:00:00,4,0,12,confirmed,2024-12-16T16:00:00
618,AI Workshop,2024-12-20,16:00:00,4,0,12,confirmed,2024-12-08T16:00:00
651,AI Workshop,2024-12-20,16:00:00,4,0,12,confirmed,2024-12-06T16:00:00
684,AI Workshop,2024-12-20,16:00:00,4,0,12,confirmed,2024-12-18T16:00:00
865,AI Workshop,2024-12-20,16:00:00,4,0,12,cancelled,2024-12-12T16:00:00
898,AI Workshop,2024-12-20,16:00:00,4,0,12,confirmed,2024-12-15T16:00:00
935,AI Workshop,2024-12-20,16:00:00,4,0,12,confirmed,2024-12-18T16:00:00
98,AI Workshop,2024-12-20,14:00:00,4,0,12,confirmed,2024-12-06T14:00:00
187,AI Workshop,2024-12-20,14:00:00,4,0,12,confirmed,2024-12-07T14:00:00
203,AI Workshop,2024-12-20,14:00:00,4,0,12,confirmed,2024-12-19T14:00:00
218,AI Workshop,2024-12-20,14:00:00,4,0,12,confirmed,2024-12-17T14:00:00
368,AI Workshop,2024-12-20,14:00:00,4,0,12,confirmed,2024-12-08T14:00:00
401,AI Workshop,2024-12-20,14:00:00,4,0,12,confirmed,2024-12-07T14:00:00
436,AI Workshop,2024-12-20,14:00:00,4,0,12,confirmed,2024-12-06T14:00:00
617,AI Workshop,2024-12-20,14:00:00,4,0,12,confirmed,2024-12-10T14:00:00
650,AI Workshop,2024-12-20,14:00:00,4,0,12,confirmed,2024-12-19T14:00:00
683,AI Workshop,2024-12-20,14:00:00,4,0,12,confirmed,2024-12-09T14:00:00
864,AI Workshop,2024-12-20,14:00:00,4,0,12,confirmed,2024-12-11T14:00:00
897,AI Workshop,2024-12-20,14:00:00,4,0,12,confirmed,2024-12-08T14:00:00
934,AI Workshop,2024-12-20,14:00:00,4,0,12,confirmed,2024-12-13T14:00:00
64,AI Workshop,2024-12-20,11:00:00,4,0,12,cancelled,2024-12-10T11:00:00
82,AI Workshop,2024-12-20,11:00:00,4,0,12,confirmed,2024-12-08T11:00:00
97,AI Workshop,2024-12-20,11:00:00,4,0,12,confirmed,2024-12-15T11:00:00
202,AI Workshop,2024-12-20,11:00:00,4,0,12,confirmed,2024-12-19T11:00:00
217,AI Workshop,2024-12-20,11:00:00,4,0,12,confirmed,2024-12-06T11:00:00
367,AI Workshop,2024-12-20,11:00:00,4,0,12,confirmed,2024-12-18T11:00:00
400,AI Workshop,2024-12-20,11:00:00,4,0,12,confirmed,2024-12-19T11:00:00
435,AI Workshop,2024-12-20,11:00:00,4,0,12,confirmed,2024-12-15T11:00:00
616,AI Workshop,2024-12-20,11:00:00,4,0,12,confirmed,2024-12-14T11:00:00
649,AI Workshop,2024-12-20,11:00:00,4,0,12,confirmed,2024-12-11T11:00:00
682,AI Workshop,2024-12-20,11:00:00,4,0,12,confirmed,2024-12-06T11:00:00
863,AI Workshop,2024-12-20,11:00:00,4,0,12,confirmed,2024-12-07T11:00:00
896,AI Workshop,2024-12-20,11:00:00,4,0,12,confirmed,2024-12-06T11:00:00
933,AI Workshop,2024-12-20,11:00:00,4,0,12,cancelled,2024-12-12T11:00:00
186,AI Workshop,2024-12-20,09:00:00,4,0,12,confirmed,2024-12-06T09:00:00
201,AI Workshop,2024-12-20,09:00:00,4,0,12,confirmed,2024-12-19T09:00:00
366,AI Workshop,2024-12-20,09:00:00,4,0,12,confirmed,2024-12-06T09:00:00
399,AI Workshop,2024-12-20,09:00:00,4,0,12,confirmed,2024-12-10T09:00:00
434,AI Workshop,2024-12-20,09:00:00,4,0,12,confirmed,2024-12-19T09:00:00
615,AI Workshop,2024-12-20,09:00:00,4,0,12,confirmed,2024-12-16T09:00:00
681,AI Workshop,2024-12-20,09:00:00,4,0,12,confirmed,2024-12-10T09:00:00
862,AI Workshop,2024-12-20,09:00:00,4,0,12,confirmed,2024-12-07T09:00:00
895,AI Workshop,2024-12-20,09:00:00,4,0,12,confirmed,2024-12-13T09:00:00
932,AI Workshop,2024-12-20,09:00:00,4,0,12,confirmed,2024-12-10T09:00:00
81,AI Workshop,2024-12-19,16:00:00,3,0,12,confirmed,2024-12-08T16:00:00
185,AI Workshop,2024-12-19,16:00:00,3,0,12,confirmed,2024-12-17T16:00:00
200,AI Workshop,2024-12-19,16:00:00,3,0,12,confirmed,2024-12-05T16:00:00
216,AI Workshop,2024-12-19,16:00:00,3,0,12,confirmed,2024-12-05T16:00:00
398,AI Workshop,2024-12-19,16:00:00,3,0,12,confirmed,2024-12-15T16:00:00
433,AI Workshop,2024-12-19,16:00:00,3,0,12,confirmed,2024-12-13T16:00:00
614,AI Workshop,2024-12-19,16:00:00,3,0,12,confirmed,2024-12-06T16:00:00
648,AI Workshop,2024-12-19,16:00:00,3,0,12,confirmed,2024-12-15T16:00:00
680,AI Workshop,2024-12-19,16:00:00,3,0,12,confirmed,2024-12-17T16:00:00
861,AI Workshop,2024-12-19,16:00:00,3,0,12,cancelled,2024-12-07T16:00:00
894,AI Workshop,2024-12-19,16:00:00,3,0,12,confirmed,2024-12-06T16:00:00
105,AI Workshop,2024-12-19,15:06:00,3,0,12,confirmed,2024-12-09T15:06:00
454,AI Workshop,2024-12-19,15:06:00,3,0,12,confirmed,2024-12-07T15:06:00
703,AI Workshop,2024-12-19,15:06:00,3,0,12,confirmed,2024-12-18T15:06:00
952,AI Workshop,2024-12-19,15:06:00,3,0,12,cancelled,2024-12-15T15:06:00
63,AI Workshop,2024-12-19,14:00:00,3,0,12,confirmed,2024-12-15T14:00:00
80,AI Workshop,2024-12-19,14:00:00,3,0,12,confirmed,2024-12-14T14:00:00
96,AI Workshop,2024-12-19,14:00:00,3,0,12,confirmed,2024-12-13T14:00:00
184,AI Workshop,2024-12-19,14:00:00,3,0,12,confirmed,2024-12-12T14:00:00
199,AI Workshop,2024-12-19,14:00:00,3,0,12,confirmed,2024-12-05T14:00:00
215,AI Workshop,2024-12-19,14:00:00,3,0,12,confirmed,2024-12-12T14:00:00
365,AI Workshop,2024-12-19,14:00:00,3,0,12,confirmed,2024-12-17T14:00:00
397,AI Workshop,2024-12-19,14:00:00,3,0,12,confirmed,2024-12-17T14:00:00
432,AI Workshop,2024-12-19,14:00:00,3,0,12,confirmed,2024-12-15T14:00:00
613,AI Workshop,2024-12-19,14:00:00,3,0,12,confirmed,2024-12-14T14:00:00
647,AI Workshop,2024-12-19,14:00:00,3,0,12,confirmed,2024-12-08T14:00:00
679,AI Workshop,2024-12-19,14:00:00,3,0,12,cancelled,2024-12-18T14:00:00
860,AI Workshop,2024-12-19,14:00:00,3,0,12,confirmed,2024-12-08T14:00:00
893,AI Workshop,2024-12-19,14:00:00,3,0,12,confirmed,2024-12-07T14:00:00
931,AI Workshop,2024-12-19,14:00:00,3,0,12,confirmed,2024-12-10T14:00:00
95,AI Workshop,2024-12-19,11:00:00,3,0,12,confirmed,2024-12-08T11:00:00
364,AI Workshop,2024-12-19,11:00:00,3,0,12,confirmed,2024-12-11T11:00:00
396,AI Workshop,2024-12-19,11:00:00,3,0,12,confirmed,2024-12-09T11:00:00
431,AI Workshop,2024-12-19,11:00:00,3,0,12,confirmed,2024-12-16T11:00:00
612,AI Workshop,2024-12-19,11:00:00,3,0,12,confirmed,2024-12-17T11:00:00
646,AI Workshop,2024-12-19,11:00:00,3,0,12,confirmed,2024-12-12T11:00:00
678,AI Workshop,2024-12-19,11:00:00,3,0,12,confirmed,2024-12-06T11:00:00
859,AI Workshop,2024-12-19,11:00:00,3,0,12,confirmed,2024-12-10T11:00:00
892,AI Workshop,2024-12-19,11:00:00,3,0,12,confirmed,2024-12-13T11:00:00
930,AI Workshop,2024-12-19,11:00:00,3,0,12,confirmed,2024-12-06T11:00:00
79,AI Workshop,2024-12-19,09:00:00,3,0,12,confirmed,2024-12-09T09:00:00
183,AI Workshop,2024-12-19,09:00:00,3,0,12,confirmed,2024-12-10T09:00:00
363,AI Workshop,2024-12-19,09:00:00,3,0,12,confirmed,2024-12-14T09:00:00
395,AI Workshop,2024-12-19,09:00:00,3,0,12,confirmed,2024-12-10T09:00:00
430,AI Workshop,2024-12-19,09:00:00,3,0,12,confirmed,2024-12-12T09:00:00
611,AI Workshop,2024-12-19,09:00:00,3,0,12,cancelled,2024-12-12T09:00:00
645,AI Workshop,2024-12-19,09:00:00,3,0,12,confirmed,2024-12-16T09:00:00
677,AI Workshop,2024-12-19,09:00:00,3,0,12,cancelled,2024-12-11T09:00:00
891,AI Workshop,2024-12-19,09:00:00,3,0,12,confirmed,2024-12-16T09:00:00
929,AI Workshop,2024-12-19,09:00:00,3,0,12,confirmed,2024-12-08T09:00:00
62,AI Workshop,2024-12-18,16:00:00,2,0,12,confirmed,2024-12-15T16:00:00
362,AI Workshop,2024-12-18,16:00:00,2,0,12,confirmed,2024-12-17T16:00:00
429,AI Workshop,2024-12-18,16:00:00,2,0,12,confirmed,2024-12-10T16:00:00
610,AI Workshop,2024-12-18,16:00:00,2,0,12,confirmed,2024-12-13T16:00:00
644,AI Workshop,2024-12-18,16:00:00,2,0,12,confirmed,2024-12-09T16:00:00
676,AI Workshop,2024-12-18,16:00:00,2,0,12,confirmed,2024-12-17T16:00:00
858,AI Workshop,2024-12-18,16:00:00,2,0,12,confirmed,2024-12-12T16:00:00
890,AI Workshop,2024-12-18,16:00:00,2,0,12,confirmed,2024-12-11T16:00:00
928,AI Workshop,2024-12-18,16:00:00,2,0,12,cancelled,2024-12-11T16:00:00
61,AI Workshop,2024-12-18,14:00:00,2,0,12,confirmed,2024-12-10T14:00:00
78,AI Workshop,2024-12-18,14:00:00,2,0,12,confirmed,2024-12-07T14:00:00
94,AI Workshop,2024-12-18,14:00:00,2,0,12,confirmed,2024-12-14T14:00:00
182,AI Workshop,2024-12-18,14:00:00,2,0,12,confirmed,2024-12-15T14:00:00
198,AI Workshop,2024-12-18,14:00:00,2,0,12,confirmed,2024-12-04T14:00:00
361,AI Workshop,2024-12-18,14:00:00,2,0,12,confirmed,2024-12-08T14:00:00
394,AI Workshop,2024-12-18,14:00:00,2,0,12,confirmed,2024-12-04T14:00:00
428,AI Workshop,2024-12-18,14:00:00,2,0,12,confirmed,2024-12-04T14:00:00
609,AI Workshop,2024-12-18,14:00:00,2,0,12,confirmed,2024-12-05T14:00:00
643,AI Workshop,2024-12-18,14:00:00,2,0,12,confirmed,2024-12-09T14:00:00
675,AI Workshop,2024-12-18,14:00:00,2,0,12,confirmed,2024-12-04T14:00:00
857,AI Workshop,2024-12-18,14:00:00,2,0,12,confirmed,2024-12-06T14:00:00
889,AI Workshop,2024-12-18,14:00:00,2,0,12,cancelled,2024-12-10T14:00:00
927,AI Workshop,2024-12-18,14:00:00,2,0,12,confirmed,2024-12-09T14:00:00
60,AI Workshop,2024-12-18,11:00:00,2,0,12,confirmed,2024-12-04T11:00:00
214,AI Workshop,2024-12-18,11:00:00,2,0,12,confirmed,2024-12-06T11:00:00
360,AI Workshop,2024-12-18,11:00:00,2,0,12,confirmed,2024-12-17T11:00:00
393,AI Workshop,2024-12-18,11:00:00,2,0,12,confirmed,2024-12-06T11:00:00
427,AI Workshop,2024-12-18,11:00:00,2,0,12,confirmed,2024-12-12T11:00:00
608,AI Workshop,2024-12-18,11:00:00,2,0,12,confirmed,2024-12-17T11:00:00
642,AI Workshop,2024-12-18,11:00:00,2,0,12,confirmed,2024-12-14T11:00:00
674,AI Workshop,2024-12-18,11:00:00,2,0,12,cancelled,2024-12-04T11:00:00
856,AI Workshop,2024-12-18,11:00:00,2,0,12,confirmed,2024-12-08T11:00:00
888,AI Workshop,2024-12-18,11:00:00,2,0,12,confirmed,2024-12-07T11:00:00
926,AI Workshop,2024-12-18,11:00:00,2,0,12,confirmed,2024-12-15T11:00:00
197,AI Workshop,2024-12-18,09:00:00,2,0,12,confirmed,2024-12-07T09:00:00
359,AI Workshop,2024-12-18,09:00:00,2,0,12,confirmed,2024-12-10T09:00:00
392,AI Workshop,2024-12-18,09:00:00,2,0,12,confirmed,2024-12-09T09:00:00
607,AI Workshop,2024-12-18,09:00:00,2,0,12,confirmed,2024-12-05T09:00:00
641,AI Workshop,2024-12-18,09:00:00,2,0,12,confirmed,2024-12-10T09:00:00
673,AI Workshop,2024-12-18,09:00:00,2,0,12,confirmed,2024-12-05T09:00:00
925,AI Workshop,2024-12-18,09:00:00,2,0,12,confirmed,2024-12-13T09:00:00
59,AI Workshop,2024-12-17,16:00:00,1,0,12,confirmed,2024-12-07T16:00:00
77,AI Workshop,2024-12-17,16:00:00,1,0,12,cancelled,2024-12-13T16:00:00
93,AI Workshop,2024-12-17,16:00:00,1,0,12,confirmed,2024-12-05T16:00:00
181,AI Workshop,2024-12-17,16:00:00,1,0,12,confirmed,2024-12-05T16:00:00
196,AI Workshop,2024-12-17,16:00:00,1,0,12,cancelled,2024-12-16T16:00:00
391,AI Workshop,2024-12-17,16:00:00,1,0,12,confirmed,2024-12-10T16:00:00
426,AI Workshop,2024-12-17,16:00:00,1,0,12,confirmed,2024-12-16T16:00:00
606,AI Workshop,2024-12-17,16:00:00,1,0,12,confirmed,2024-12-07T16:00:00
640,AI Workshop,2024-12-17,16:00:00,1,0,12,confirmed,2024-12-15T16:00:00
855,AI Workshop,2024-12-17,16:00:00,1,0,12,confirmed,2024-12-12T16:00:00
887,AI Workshop,2024-12-17,16:00:00,1,0,12,confirmed,2024-12-15T16:00:00
924,AI Workshop,2024-12-17,16:00:00,1,0,12,confirmed,2024-12-13T16:00:00
92,AI Workshop,2024-12-17,14:00:00,1,0,12,confirmed,2024-12-06T14:00:00
180,AI Workshop,2024-12-17,14:00:00,1,0,12,confirmed,2024-12-03T14:00:00
358,AI Workshop,2024-12-17,14:00:00,1,0,12,confirmed,2024-12-11T14:00:00
390,AI Workshop,2024-12-17,14:00:00,1,0,12,confirmed,2024-12-16T14:00:00
425,AI Workshop,2024-12-17,14:00:00,1,0,12,confirmed,2024-12-04T14:00:00
605,AI Workshop,2024-12-17,14:00:00,1,0,12,confirmed,2024-12-06T14:00:00
639,AI Workshop,2024-12-17,14:00:00,1,0,12,cancelled,2024-12-13T14:00:00
672,AI Workshop,2024-12-17,14:00:00,1,0,12,confirmed,2024-12-04T14:00:00
854,AI Workshop,2024-12-17,14:00:00,1,0,12,confirmed,2024-12-15T14:00:00
886,AI Workshop,2024-12-17,14:00:00,1,0,12,confirmed,2024-12-07T14:00:00
923,AI Workshop,2024-12-17,14:00:00,1,0,12,confirmed,2024-12-06T14:00:00
58,AI Workshop,2024-12-17,11:00:00,1,0,12,confirmed,2024-12-04T11:00:00
357,AI Workshop,2024-12-17,11:00:00,1,0,12,confirmed,2024-12-14T11:00:00
389,AI Workshop,2024-12-17,11:00:00,1,0,12,confirmed,2024-12-07T11:00:00
424,AI Workshop,2024-12-17,11:00:00,1,0,12,confirmed,2024-12-09T11:00:00
604,AI Workshop,2024-12-17,11:00:00,1,0,12,cancelled,2024-12-03T11:00:00
638,AI Workshop,2024-12-17,11:00:00,1,0,12,confirmed,2024-12-12T11:00:00
671,AI Workshop,2024-12-17,11:00:00,1,0,12,confirmed,2024-12-16T11:00:00
853,AI Workshop,2024-12-17,11:00:00,1,0,12,confirmed,2024-12-12T11:00:00
885,AI Workshop,2024-12-17,11:00:00,1,0,12,confirmed,2024-12-05T11:00:00
922,AI Workshop,2024-12-17,11:00:00,1,0,12,confirmed,2024-12-06T11:00:00
57,AI Workshop,2024-12-17,09:00:00,1,0,12,confirmed,2024-12-09T09:00:00
76,AI Workshop,2024-12-17,09:00:00,1,0,12,confirmed,2024-12-09T09:00:00
91,AI Workshop,2024-12-17,09:00:00,1,0,12,confirmed,2024-12-11T09:00:00
179,AI Workshop,2024-12-17,09:00:00,1,0,12,confirmed,2024-12-04T09:00:00
195,AI Workshop,2024-12-17,09:00:00,1,0,12,confirmed,2024-12-07T09:00:00
388,AI Workshop,2024-12-17,09:00:00,1,0,12,cancelled,2024-12-13T09:00:00
423,AI Workshop,2024-12-17,09:00:00,1,0,12,confirmed,2024-12-13T09:00:00
603,AI Workshop,2024-12-17,09:00:00,1,0,12,confirmed,2024-12-10T09:00:00
637,AI Workshop,2024-12-17,09:00:00,1,0,12,confirmed,2024-12-12T09:00:00
852,AI Workshop,2024-12-17,09:00:00,1,0,12,cancelled,2024-12-14T09:00:00
884,AI Workshop,2024-12-17,09:00:00,1,0,12,confirmed,2024-12-15T09:00:00
921,AI Workshop,2024-12-17,09:00:00,1,0,12,confirmed,2024-12-09T09:00:00
56,AI Workshop,2024-12-16,16:00:00,0,0,12,confirmed,2024-12-11T16:00:00
90,AI Workshop,2024-12-16,16:00:00,0,0,12,confirmed,2024-12-04T16:00:00
178,AI Workshop,2024-12-16,16:00:00,0,0,12,confirmed,2024-12-06T16:00:00
356,AI Workshop,2024-12-16,16:00:00,0,0,12,confirmed,2024-12-07T16:00:00
422,AI Workshop,2024-12-16,16:00:00,0,0,12,confirmed,2024-12-06T16:00:00
602,AI Workshop,2024-12-16,16:00:00,0,0,12,confirmed,2024-12-06T16:00:00
636,AI Workshop,2024-12-16,16:00:00,0,0,12,confirmed,2024-12-09T16:00:00
851,AI Workshop,2024-12-16,16:00:00,0,0,12,confirmed,2024-12-11T16:00:00
883,AI Workshop,2024-12-16,16:00:00,0,0,12,confirmed,2024-12-02T16:00:00
920,AI Workshop,2024-12-16,16:00:00,0,0,12,confirmed,2024-12-08T16:00:00
55,AI Workshop,2024-12-16,14:00:00,0,0,12,confirmed,2024-12-05T14:00:00
75,AI Workshop,2024-12-16,14:00:00,0,0,12,confirmed,2024-12-14T14:00:00
355,AI Workshop,2024-12-16,14:00:00,0,0,12,cancelled,2024-12-12T14:00:00
387,AI Workshop,2024-12-16,14:00:00,0,0,12,confirmed,2024-12-15T14:00:00
421,AI Workshop,2024-12-16,14:00:00,0,0,12,confirmed,2024-12-07T14:00:00
601,AI Workshop,2024-12-16,14:00:00,0,0,12,confirmed,2024-12-09T14:00:00
635,AI Workshop,2024-12-16,14:00:00,0,0,12,confirmed,2024-12-09T14:00:00
850,AI Workshop,2024-12-16,14:00:00,0,0,12,confirmed,2024-12-03T14:00:00
882,AI Workshop,2024-12-16,14:00:00,0,0,12,confirmed,2024-12-03T14:00:00
919,AI Workshop,2024-12-16,14:00:00,0,0,12,confirmed,2024-12-10T14:00:00
177,AI Workshop,2024-12-16,11:00:00,0,0,12,confirmed,2024-12-04T11:00:00
354,AI Workshop,2024-12-16,11:00:00,0,0,12,confirmed,2024-12-10T11:00:00
386,AI Workshop,2024-12-16,11:00:00,0,0,12,confirmed,2024-12-15T11:00:00
420,AI Workshop,2024-12-16,11:00:00,0,0,12,confirmed,2024-12-09T11:00:00
600,AI Workshop,2024-12-16,11:00:00,0,0,12,confirmed,2024-12-13T11:00:00
634,AI Workshop,2024-12-16,11:00:00,0,0,12,confirmed,2024-12-06T11:00:00
670,AI Workshop,2024-12-16,11:00:00,0,0,12,confirmed,2024-12-10T11:00:00
849,AI Workshop,2024-12-16,11:00:00,0,0,12,confirmed,2024-12-14T11:00:00
881,AI Workshop,2024-12-16,11:00:00,0,0,12,cancelled,2024-12-13T11:00:00
918,AI Workshop,2024-12-16,11:00:00,0,0,12,confirmed,2024-12-12T11:00:00
54,AI Workshop,2024-12-16,09:00:00,0,0,12,cancelled,2024-12-05T09:00:00
74,AI Workshop,2024-12-16,09:00:00,0,0,12,confirmed,2024-12-11T09:00:00
176,AI Workshop,2024-12-16,09:00:00,0,0,12,confirmed,2024-12-06T09:00:00
353,AI Workshop,2024-12-16,09:00:00,0,0,12,confirmed,2024-12-10T09:00:00
385,AI Workshop,2024-12-16,09:00:00,0,0,12,confirmed,2024-12-15T09:00:00
419,AI Workshop,2024-12-16,09:00:00,0,0,12,confirmed,2024-12-11T09:00:00
599,AI Workshop,2024-12-16,09:00:00,0,0,12,confirmed,2024-12-03T09:00:00
633,AI Workshop,2024-12-16,09:00:00,0,0,12,confirmed,2024-12-11T09:00:00
669,AI Workshop,2024-12-16,09:00:00,0,0,12,confirmed,2024-12-10T09:00:00
848,AI Workshop,2024-12-16,09:00:00,0,0,12,confirmed,2024-12-08T09:00:00
880,AI Workshop,2024-12-16,09:00:00,0,0,12,confirmed,2024-12-14T09:00:00
917,AI Workshop,2024-12-16,09:00:00,0,0,12,confirmed,2024-12-09T09:00:00
53,AI Workshop,2024-12-13,16:00:00,4,0,12,confirmed,2024-12-02T16:00:00
89,AI Workshop,2024-12-13,16:00:00,4,0,12,confirmed,2024-11-29T16:00:00
194,AI Workshop,2024-12-13,16:00:00,4,0,12,confirmed,2024-12-10T16:00:00
213,AI Workshop,2024-12-13,16:00:00,4,0,12,confirmed,2024-12-05T16:00:00
352,AI Workshop,2024-12-13,16:00:00,4,0,12,confirmed,2024-12-05T16:00:00
384,AI Workshop,2024-12-13,16:00:00,4,0,12,confirmed,2024-12-03T16:00:00
598,AI Workshop,2024-12-13,16:00:00,4,0,12,confirmed,2024-12-11T16:00:00
632,AI Workshop,2024-12-13,16:00:00,4,0,12,cancelled,2024-12-05T16:00:00
668,AI Workshop,2024-12-13,16:00:00,4,0,12,cancelled,2024-12-08T16:00:00
847,AI Workshop,2024-12-13,16:00:00,4,0,12,confirmed,2024-12-01T16:00:00
879,AI Workshop,2024-12-13,16:00:00,4,0,12,confirmed,2024-12-02T16:00:00
916,AI Workshop,2024-12-13,16:00:00,4,0,12,cancelled,2024-12-04T16:00:00
52,AI Workshop,2024-12-13,14:00:00,4,0,12,confirmed,2024-11-29T14:00:00
175,AI Workshop,2024-12-13,14:00:00,4,0,12,confirmed,2024-12-01T14:00:00
351,AI Workshop,2024-12-13,14:00:00,4,0,12,confirmed,2024-12-08T14:00:00
383,AI Workshop,2024-12-13,14:00:00,4,0,12,confirmed,2024-12-08T14:00:00
418,AI Workshop,2024-12-13,14:00:00,4,0,12,confirmed,2024-12-05T14:00:00
597,AI Workshop,2024-12-13,14:00:00,4,0,12,confirmed,2024-11-30T14:00:00
631,AI Workshop,2024-12-13,14:00:00,4,0,12,confirmed,2024-12-01T14:00:00
667,AI Workshop,2024-12-13,14:00:00,4,0,12,confirmed,2024-12-08T14:00:00
846,AI Workshop,2024-12-13,14:00:00,4,0,12,confirmed,2024-12-12T14:00:00
878,AI Workshop,2024-12-13,14:00:00,4,0,12,confirmed,2024-12-02T14:00:00
915,AI Workshop,2024-12-13,14:00:00,4,0,12,confirmed,2024-12-06T14:00:00
73,AI Workshop,2024-12-13,11:00:00,4,0,12,confirmed,2024-12-03T11:00:00
88,AI Workshop,2024-12-13,11:00:00,4,0,12,confirmed,2024-12-06T11:00:00
174,AI Workshop,2024-12-13,11:00:00,4,0,12,cancelled,2024-12-03T11:00:00
193,AI Workshop,2024-12-13,11:00:00,4,0,12,confirmed,2024-12-10T11:00:00
212,AI Workshop,2024-12-13,11:00:00,4,0,12,confirmed,2024-12-07T11:00:00
350,AI Workshop,2024-12-13,11:00:00,4,0,12,confirmed,2024-12-03T11:00:00
382,AI Workshop,2024-12-13,11:00:00,4,0,12,confirmed,2024-12-12T11:00:00
417,AI Workshop,2024-12-13,11:00:00,4,0,12,confirmed,2024-12-09T11:00:00
630,AI Workshop,2024-12-13,11:00:00,4,0,12,confirmed,2024-12-09T11:00:00
666,AI Workshop,2024-12-13,11:00:00,4,0,12,confirmed,2024-12-10T11:00:00
845,AI Workshop,2024-12-13,11:00:00,4,0,12,confirmed,2024-12-07T11:00:00
877,AI Workshop,2024-12-13,11:00:00,4,0,12,confirmed,2024-12-12T11:00:00
914,AI Workshop,2024-12-13,11:00:00,4,0,12,confirmed,2024-11-30T11:00:00
224,AI Workshop,2024-12-13,10:00:00,4,0,12,confirmed,2024-12-07T10:00:00
446,AI Workshop,2024-12-13,10:00:00,4,0,12,confirmed,2024-12-04T10:00:00
692,AI Workshop,2024-12-13,10:00:00,4,0,12,confirmed,2024-11-30T10:00:00
944,AI Workshop,2024-12-13,10:00:00,4,0,12,confirmed,2024-12-03T10:00:00
72,AI Workshop,2024-12-13,09:00:00,4,0,12,cancelled,2024-12-07T09:00:00
173,AI Workshop,2024-12-13,09:00:00,4,0,12,confirmed,2024-12-09T09:00:00
349,AI Workshop,2024-12-13,09:00:00,4,0,12,confirmed,2024-11-30T09:00:00
381,AI Workshop,2024-12-13,09:00:00,4,0,12,confirmed,2024-12-09T09:00:00
629,AI Workshop,2024-12-13,09:00:00,4,0,12,cancelled,2024-12-08T09:00:00
665,AI Workshop,2024-12-13,09:00:00,4,0,12,cancelled,2024-12-10T09:00:00
844,AI Workshop,2024-12-13,09:00:00,4,0,12,confirmed,2024-12-04T09:00:00
876,AI Workshop,2024-12-13,09:00:00,4,0,12,confirmed,2024-12-11T09:00:00
913,AI Workshop,2024-12-13,09:00:00,4,0,12,confirmed,2024-11-30T09:00:00
348,AI Workshop,2024-12-12,16:00:00,3,0,12,confirmed,2024-12-05T16:00:00
380,AI Workshop,2024-12-12,16:00:00,3,0,12,confirmed,2024-11-28T16:00:00
416,AI Workshop,2024-12-12,16:00:00,3,0,12,confirmed,2024-12-05T16:00:00
596,AI Workshop,2024-12-12,16:00:00,3,0,12,cancelled,2024-12-05T16:00:00
628,AI Workshop,2024-12-12,16:00:00,3,0,12,confirmed,2024-12-02T16:00:00
664,AI Workshop,2024-12-12,16:00:00,3,0,12,confirmed,2024-12-07T16:00:00
843,AI Workshop,2024-12-12,16:00:00,3,0,12,confirmed,2024-12-06T16:00:00
912,AI Workshop,2024-12-12,16:00:00,3,0,12,confirmed,2024-12-01T16:00:00
445,AI Workshop,2024-12-12,15:00:00,3,0,12,cancelled,2024-12-11T15:00:00
691,AI Workshop,2024-12-12,15:00:00,3,0,12,confirmed,2024-11-29T15:00:00
943,AI Workshop,2024-12-12,15:00:00,3,0,12,confirmed,2024-12-02T15:00:00
51,AI Workshop,2024-12-12,14:00:00,3,0,12,confirmed,2024-12-03T14:00:00
172,AI Workshop,2024-12-12,14:00:00,3,0,12,confirmed,2024-11-28T14:00:00
192,AI Workshop,2024-12-12,14:00:00,3,0,12,confirmed,2024-12-04T14:00:00
211,AI Workshop,2024-12-12,14:00:00,3,0,12,confirmed,2024-11-29T14:00:00
347,AI Workshop,2024-12-12,14:00:00,3,0,12,confirmed,2024-12-08T14:00:00
379,AI Workshop,2024-12-12,14:00:00,3,0,12,confirmed,2024-12-11T14:00:00
415,AI Workshop,2024-12-12,14:00:00,3,0,12,confirmed,2024-11-29T14:00:00
595,AI Workshop,2024-12-12,14:00:00,3,0,12,cancelled,2024-12-03T14:00:00
627,AI Workshop,2024-12-12,14:00:00,3,0,12,confirmed,2024-12-10T14:00:00
663,AI Workshop,2024-12-12,14:00:00,3,0,12,confirmed,2024-11-30T14:00:00
842,AI Workshop,2024-12-12,14:00:00,3,0,12,confirmed,2024-12-11T14:00:00
875,AI Workshop,2024-12-12,14:00:00,3,0,12,confirmed,2024-12-03T14:00:00
911,AI Workshop,2024-12-12,14:00:00,3,0,12,confirmed,2024-12-07T14:00:00
223,AI Workshop,2024-12-12,13:00:00,3,0,12,confirmed,2024-12-04T13:00:00
444,AI Workshop,2024-12-12,13:00:00,3,0,12,confirmed,2024-12-05T13:00:00
690,AI Workshop,2024-12-12,13:00:00,3,0,12,confirmed,2024-12-05T13:00:00
942,AI Workshop,2024-12-12,13:00:00,3,0,12,confirmed,2024-12-10T13:00:00
50,AI Workshop,2024-12-12,11:00:00,3,0,12,cancelled,2024-11-28T11:00:00
71,AI Workshop,2024-12-12,11:00:00,3,0,12,confirmed,2024-12-03T11:00:00
87,AI Workshop,2024-12-12,11:00:00,3,0,12,confirmed,2024-12-03T11:00:00
171,AI Workshop,2024-12-12,11:00:00,3,0,12,cancelled,2024-12-06T11:00:00
210,AI Workshop,2024-12-12,11:00:00,3,0,12,confirmed,2024-12-06T11:00:00
346,AI Workshop,2024-12-12,11:00:00,3,0,12,confirmed,2024-12-01T11:00:00
378,AI Workshop,2024-12-12,11:00:00,3,0,12,confirmed,2024-11-29T11:00:00
414,AI Workshop,2024-12-12,11:00:00,3,0,12,confirmed,2024-12-05T11:00:00
594,AI Workshop,2024-12-12,11:00:00,3,0,12,confirmed,2024-12-08T11:00:00
626,AI Workshop,2024-12-12,11:00:00,3,0,12,confirmed,2024-12-07T11:00:00
662,AI Workshop,2024-12-12,11:00:00,3,0,12,confirmed,2024-12-02T11:00:00
910,AI Workshop,2024-12-12,11:00:00,3,0,12,confirmed,2024-12-10T11:00:00
86,AI Workshop,2024-12-12,09:00:00,3,0,12,confirmed,2024-12-11T09:00:00
170,AI Workshop,2024-12-12,09:00:00,3,0,12,confirmed,2024-12-04T09:00:00
191,AI Workshop,2024-12-12,09:00:00,3,0,12,confirmed,2024-12-04T09:00:00
345,AI Workshop,2024-12-12,09:00:00,3,0,12,confirmed,2024-12-01T09:00:00
377,AI Workshop,2024-12-12,09:00:00,3,0,12,cancelled,2024-12-02T09:00:00
413,AI Workshop,2024-12-12,09:00:00,3,0,12,cancelled,2024-11-28T09:00:00
593,AI Workshop,2024-12-12,09:00:00,3,0,12,confirmed,2024-11-30T09:00:00
661,AI Workshop,2024-12-12,09:00:00,3,0,12,confirmed,2024-12-11T09:00:00
841,AI Workshop,2024-12-12,09:00:00,3,0,12,confirmed,2024-11-30T09:00:00
874,AI Workshop,2024-12-12,09:00:00,3,0,12,confirmed,2024-12-05T09:00:00
909,AI Workshop,2024-12-12,09:00:00,3,0,12,confirmed,2024-12-02T09:00:00
222,AI Workshop,2024-12-11,18:00:00,2,0,12,confirmed,2024-12-06T18:00:00
941,AI Workshop,2024-12-11,18:00:00,2,0,12,confirmed,2024-11-30T18:00:00
70,AI Workshop,2024-12-11,16:00:00,2,0,12,confirmed,2024-12-01T16:00:00
190,AI Workshop,2024-12-11,16:00:00,2,0,12,confirmed,2024-11-29T16:00:00
209,AI Workshop,2024-12-11,16:00:00,2,0,12,confirmed,2024-12-10T16:00:00
344,AI Workshop,2024-12-11,16:00:00,2,0,12,confirmed,2024-12-06T16:00:00
376,AI Workshop,2024-12-11,16:00:00,2,0,12,confirmed,2024-12-02T16:00:00
412,AI Workshop,2024-12-11,16:00:00,2,0,12,confirmed,2024-12-06T16:00:00
592,AI Workshop,2024-12-11,16:00:00,2,0,12,confirmed,2024-11-30T16:00:00
625,AI Workshop,2024-12-11,16:00:00,2,0,12,confirmed,2024-12-10T16:00:00
660,AI Workshop,2024-12-11,16:00:00,2,0,12,confirmed,2024-12-01T16:00:00
840,AI Workshop,2024-12-11,16:00:00,2,0,12,confirmed,2024-11-30T16:00:00
873,AI Workshop,2024-12-11,16:00:00,2,0,12,confirmed,2024-11-28T16:00:00
908,AI Workshop,2024-12-11,16:00:00,2,0,12,confirmed,2024-12-03T16:00:00
69,AI Workshop,2024-12-11,14:00:00,2,0,12,confirmed,2024-11-27T14:00:00
85,AI Workshop,2024-12-11,14:00:00,2,0,12,confirmed,2024-12-04T14:00:00
100,AI Workshop,2024-12-11,14:00:00,2,0,12,confirmed,2024-12-10T14:00:00
208,AI Workshop,2024-12-11,14:00:00,2,0,12,confirmed,2024-11-30T14:00:00
343,AI Workshop,2024-12-11,14:00:00,2,0,12,confirmed,2024-11-29T14:00:00
375,AI Workshop,2024-12-11,14:00:00,2,0,12,confirmed,2024-12-06T14:00:00
411,AI Workshop,2024-12-11,14:00:00,2,0,12,confirmed,2024-12-08T14:00:00
443,AI Workshop,2024-12-11,14:00:00,2,0,12,confirmed,2024-12-02T14:00:00
591,AI Workshop,2024-12-11,14:00:00,2,0,12,confirmed,2024-12-10T14:00:00
624,AI Workshop,2024-12-11,14:00:00,2,0,12,confirmed,2024-12-09T14:00:00
659,AI Workshop,2024-12-11,14:00:00,2,0,12,confirmed,2024-11-27T14:00:00
689,AI Workshop,2024-12-11,14:00:00,2,0,12,confirmed,2024-12-09T14:00:00
839,AI Workshop,2024-12-11,14:00:00,2,0,12,confirmed,2024-12-02T14:00:00
872,AI Workshop,2024-12-11,14:00:00,2,0,12,confirmed,2024-11-28T14:00:00
907,AI Workshop,2024-12-11,14:00:00,2,0,12,confirmed,2024-11-28T14:00:00
940,AI Workshop,2024-12-11,14:00:00,2,0,12,cancelled,2024-12-06T14:00:00
49,AI Workshop,2024-12-11,11:00:00,2,0,12,confirmed,2024-12-06T11:00:00
68,AI Workshop,2024-12-11,11:00:00,2,0,12,confirmed,2024-12-07T11:00:00
342,AI Workshop,2024-12-11,11:00:00,2,0,12,confirmed,2024-12-10T11:00:00
374,AI Workshop,2024-12-11,11:00:00,2,0,12,confirmed,2024-11-28T11:00:00
410,AI Workshop,2024-12-11,11:00:00,2,0,12,confirmed,2024-12-02T11:00:00
590,AI Workshop,2024-12-11,11:00:00,2,0,12,cancelled,2024-11-28T11:00:00
623,AI Workshop,2024-12-11,11:00:00,2,0,12,confirmed,2024-12-10T11:00:00
658,AI Workshop,2024-12-11,11:00:00,2,0,12,confirmed,2024-11-28T11:00:00
838,AI Workshop,2024-12-11,11:00:00,2,0,12,cancelled,2024-12-10T11:00:00
871,AI Workshop,2024-12-11,11:00:00,2,0,12,confirmed,2024-11-30T11:00:00
906,AI Workshop,2024-12-11,11:00:00,2,0,12,confirmed,2024-12-10T11:00:00
341,AI Workshop,2024-12-11,09:00:00,2,0,12,confirmed,2024-11-30T09:00:00
409,AI Workshop,2024-12-11,09:00:00,2,0,12,confirmed,2024-11-27T09:00:00
442,AI Workshop,2024-12-11,09:00:00,2,0,12,confirmed,2024-12-03T09:00:00
589,AI Workshop,2024-12-11,09:00:00,2,0,12,confirmed,2024-11-28T09:00:00
622,AI Workshop,2024-12-11,09:00:00,2,0,12,confirmed,2024-11-30T09:00:00
657,AI Workshop,2024-12-11,09:00:00,2,0,12,confirmed,2024-12-07T09:00:00
688,AI Workshop,2024-12-11,09:00:00,2,0,12,confirmed,2024-12-05T09:00:00
837,AI Workshop,2024-12-11,09:00:00,2,0,12,confirmed,2024-11-30T09:00:00
870,AI Workshop,2024-12-11,09:00:00,2,0,12,confirmed,2024-11-28T09:00:00
905,AI Workshop,2024-12-11,09:00:00,2,0,12,confirmed,2024-11-27T09:00:00
48,AI Workshop,2024-12-10,16:00:00,1,0,12,confirmed,2024-12-06T16:00:00
67,AI Workshop,2024-12-10,16:00:00,1,0,12,cancelled,2024-12-06T16:00:00
169,AI Workshop,2024-12-10,16:00:00,1,0,12,cancelled,2024-12-01T16:00:00
189,AI Workshop,2024-12-10,16:00:00,1,0,12,confirmed,2024-11-27T16:00:00
207,AI Workshop,2024-12-10,16:00:00,1,0,12,confirmed,2024-12-06T16:00:00
340,AI Workshop,2024-12-10,16:00:00,1,0,12,confirmed,2024-12-05T16:00:00
373,AI Workshop,2024-12-10,16:00:00,1,0,12,confirmed,2024-12-01T16:00:00
408,AI Workshop,2024-12-10,16:00:00,1,0,12,confirmed,2024-12-05T16:00:00
588,AI Workshop,2024-12-10,16:00:00,1,0,12,confirmed,2024-12-08T16:00:00
656,AI Workshop,2024-12-10,16:00:00,1,0,12,confirmed,2024-11-27T16:00:00
836,AI Workshop,2024-12-10,16:00:00,1,0,12,confirmed,2024-12-01T16:00:00
869,AI Workshop,2024-12-10,16:00:00,1,0,12,confirmed,2024-11-30T16:00:00
904,AI Workshop,2024-12-10,16:00:00,1,0,12,confirmed,2024-12-03T16:00:00
225,AI Workshop,2024-12-10,15:00:00,1,0,12,confirmed,2024-12-06T15:00:00
441,AI Workshop,2024-12-10,15:00:00,1,0,12,confirmed,2024-12-09T15:00:00
687,AI Workshop,2024-12-10,15:00:00,1,0,12,confirmed,2024-12-08T15:00:00
939,AI Workshop,2024-12-10,15:00:00,1,0,12,confirmed,2024-11-30T15:00:00
945,AI Workshop,2024-12-10,15:00:00,1,0,12,confirmed,2024-12-04T15:00:00
47,AI Workshop,2024-12-10,14:00:00,1,0,12,confirmed,2024-11-26T14:00:00
66,AI Workshop,2024-12-10,14:00:00,1,0,12,confirmed,2024-11-27T14:00:00
84,AI Workshop,2024-12-10,14:00:00,1,0,12,confirmed,2024-12-07T14:00:00
206,AI Workshop,2024-12-10,14:00:00,1,0,12,confirmed,2024-12-05T14:00:00
339,AI Workshop,2024-12-10,14:00:00,1,0,12,confirmed,2024-12-04T14:00:00
372,AI Workshop,2024-12-10,14:00:00,1,0,12,confirmed,2024-12-07T14:00:00
407,AI Workshop,2024-12-10,14:00:00,1,0,12,confirmed,2024-12-04T14:00:00
621,AI Workshop,2024-12-10,14:00:00,1,0,12,confirmed,2024-11-30T14:00:00
655,AI Workshop,2024-12-10,14:00:00,1,0,12,confirmed,2024-11-26T14:00:00
835,AI Workshop,2024-12-10,14:00:00,1,0,12,confirmed,2024-12-02T14:00:00
868,AI Workshop,2024-12-10,14:00:00,1,0,12,confirmed,2024-12-09T14:00:00
903,AI Workshop,2024-12-10,14:00:00,1,0,12,confirmed,2024-12-01T14:00:00
99,AI Workshop,2024-12-10,13:00:00,1,0,12,cancelled,2024-12-07T13:00:00
221,AI Workshop,2024-12-10,13:00:00,1,0,12,confirmed,2024-12-05T13:00:00
440,AI Workshop,2024-12-10,13:00:00,1,0,12,confirmed,2024-12-09T13:00:00
447,AI Workshop,2024-12-10,13:00:00,1,0,12,confirmed,2024-12-05T13:00:00
693,AI Workshop,2024-12-10,13:00:00,1,0,12,cancelled,2024-12-03T13:00:00
938,AI Workshop,2024-12-10,13:00:00,1,0,12,confirmed,2024-12-06T13:00:00
46,AI Workshop,2024-12-10,11:00:00,1,0,12,confirmed,2024-12-01T11:00:00
83,AI Workshop,2024-12-10,11:00:00,1,0,12,confirmed,2024-11-28T11:00:00
168,AI Workshop,2024-12-10,11:00:00,1,0,12,confirmed,2024-12-08T11:00:00
188,AI Workshop,2024-12-10,11:00:00,1,0,12,confirmed,2024-11-28T11:00:00
205,AI Workshop,2024-12-10,11:00:00,1,0,12,confirmed,2024-11-27T11:00:00
338,AI Workshop,2024-12-10,11:00:00,1,0,12,confirmed,2024-11-29T11:00:00
371,AI Workshop,2024-12-10,11:00:00,1,0,12,confirmed,2024-11-26T11:00:00
406,AI Workshop,2024-12-10,11:00:00,1,0,12,confirmed,2024-12-06T11:00:00
587,AI Workshop,2024-12-10,11:00:00,1,0,12,confirmed,2024-11-27T11:00:00
620,AI Workshop,2024-12-10,11:00:00,1,0,12,confirmed,2024-11-26T11:00:00
654,AI Workshop,2024-12-10,11:00:00,1,0,12,confirmed,2024-12-02T11:00:00
834,AI Workshop,2024-12-10,11:00:00,1,0,12,confirmed,2024-12-04T11:00:00
867,AI Workshop,2024-12-10,11:00:00,1,0,12,cancelled,2024-12-02T11:00:00
902,AI Workshop,2024-12-10,11:00:00,1,0,12,cancelled,2024-12-03T11:00:00
65,AI Workshop,2024-12-10,09:00:00,1,0,12,confirmed,2024-12-01T09:00:00
204,AI Workshop,2024-12-10,09:00:00,1,0,12,cancelled,2024-11-27T09:00:00
220,AI Workshop,2024-12-10,09:00:00,1,0,12,confirmed,2024-12-08T09:00:00
337,AI Workshop,2024-12-10,09:00:00,1,0,12,confirmed,2024-12-05T09:00:00
370,AI Workshop,2024-12-10,09:00:00,1,0,12,confirmed,2024-12-01T09:00:00
403,AI Workshop,2024-12-10,09:00:00,1,0,12,confirmed,2024-12-07T09:00:00
404,AI Workshop,2024-12-10,09:00:00,1,0,12,confirmed,2024-12-08T09:00:00
405,AI Workshop,2024-12-10,09:00:00,1,0,12,confirmed,2024-12-08T09:00:00
438,AI Workshop,2024-12-10,09:00:00,1,0,12,confirmed,2024-12-05T09:00:00
439,AI Workshop,2024-12-10,09:00:00,1,0,12,confirmed,2024-11-29T09:00:00
619,AI Workshop,2024-12-10,09:00:00,1,0,12,confirmed,2024-12-03T09:00:00
652,AI Workshop,2024-12-10,09:00:00,1,0,12,cancelled,2024-12-06T09:00:00
653,AI Workshop,2024-12-10,09:00:00,1,0,12,confirmed,2024-11-26T09:00:00
685,AI Workshop,2024-12-10,09:00:00,1,0,12,cancelled,2024-12-08T09:00:00
686,AI Workshop,2024-12-10,09:00:00,1,0,12,confirmed,2024-11-30T09:00:00
866,AI Workshop,2024-12-10,09:00:00,1,0,12,confirmed,2024-12-07T09:00:00
899,AI Workshop,2024-12-10,09:00:00,1,0,12,confirmed,2024-12-02T09:00:00
900,AI Workshop,2024-12-10,09:00:00,1,0,12,confirmed,2024-11-30T09:00:00
901,AI Workshop,2024-12-10,09:00:00,1,0,12,confirmed,2024-11-26T09:00:00
936,AI Workshop,2024-12-10,09:00:00,1,0,12,confirmed,2024-12-04T09:00:00
937,AI Workshop,2024-12-10,09:00:00,1,0,12,confirmed,2024-11-28T09:00:00
